Forename,Surname,Name (Display as),Name (List as),Party,Constituency,Email,Address 1,Address 2,Postcode
Stephen,Kinnock,Stephen Kinnock,"Kinnock, Stephen",Labour,Aberavon,stephen.kinnock.mp@parliament.uk,House of Commons,London,SW1A 0AA
Robin,Millar,Robin Millar,"Millar, Robin",Conservative,Aberconwy,robin.millar.mp@parliament.uk,House of Commons,London,SW1A 0AA
Kirsty,Blackman,Kirsty Blackman,"Blackman, Kirsty",Scottish National Party,Aberdeen North,kirsty.blackman.mp@parliament.uk,House of Commons,London,SW1A 0AA
Stephen,Flynn,Stephen Flynn,"Flynn, Stephen",Scottish National Party,Aberdeen South,stephen.flynn.mp@parliament.uk,House of Commons,London,SW1A 0AA
Anum,Qaisar,Ms Anum Qaisar,"Qaisar, Ms Anum",Scottish National Party,Airdrie and Shotts,anum.mp@parliament.uk,House of Commons,London,SW1A 0AA
Leo,Docherty,Leo Docherty,"Docherty, Leo",Conservative,Aldershot,leo.docherty.mp@parliament.uk,House of Commons,London,SW1A 0AA
Wendy,Morton,Wendy Morton,"Morton, Wendy",Conservative,Aldridge-Brownhills,wendy.morton.mp@parliament.uk,House of Commons,London,SW1A 0AA
Graham,Brady,Sir Graham Brady,"Brady, Sir Graham",Conservative,Altrincham and Sale West,altsale@parliament.uk,House of Commons,London,SW1A 0AA
Mark,Tami,Mark Tami,"Tami, Mark",Labour,Alyn and Deeside,tamim@parliament.uk,House of Commons,London,SW1A 0AA
Nigel,Mills,Nigel Mills,"Mills, Nigel",Conservative,Amber Valley,nigel.mills.mp@parliament.uk,House of Commons,London,SW1A 0AA
David,Doogan,Dave Doogan,"Doogan, Dave",Scottish National Party,Angus,dave.doogan.mp@parliament.uk,House of Commons,London,SW1A 0AA
Hywel,Williams,Hywel Williams,"Williams, Hywel",Plaid Cymru,Arfon,hywel.williams.mp@parliament.uk,House of Commons,London,SW1A 0AA
Brendan,O'Hara,Brendan O'Hara,"O'Hara, Brendan",Scottish National Party,Argyll and Bute,brendan.ohara.mp@parliament.uk,House of Commons,London,SW1A 0AA
Andrew,Griffith,Andrew Griffith,"Griffith, Andrew",Conservative,Arundel and South Downs,andrew.griffith.mp@parliament.uk,House of Commons,London,SW1A 0AA
Lee,Anderson,Lee Anderson,"Anderson, Lee",Conservative,Ashfield,lee.anderson.mp@parliament.uk,House of Commons,London,SW1A 0AA
Damian,Green,Damian Green,"Green, Damian",Conservative,Ashford,damian.green.mp@parliament.uk,House of Commons,London,SW1A 0AA
Angela,Rayner,Angela Rayner,"Rayner, Angela",Labour,Ashton-under-Lyne,angela.rayner.mp@parliament.uk,House of Commons,London,SW1A 0AA
Robert,Butler,Rob Butler,"Butler, Rob",Conservative,Aylesbury,rob.butler.mp@parliament.uk,House of Commons,London,SW1A 0AA
Allan,Dorans,Allan Dorans,"Dorans, Allan",Scottish National Party,"Ayr, Carrick and Cumnock",allan.dorans.mp@parliament.uk,House of Commons,London,SW1A 0AA
Victoria,Prentis,Victoria Prentis,"Prentis, Victoria",Conservative,Banbury,victoria.prentis.mp@parliament.uk,House of Commons,London,SW1A 0AA
David,Duguid,David Duguid,"Duguid, David",Conservative,Banff and Buchan,david.duguid.mp@parliament.uk,House of Commons,London,SW1A 0AA
Margaret,Hodge,Dame Margaret Hodge,"Hodge, Dame Margaret",Labour,Barking,hodgem@parliament.uk,House of Commons,London,SW1A 0AA
Daniel,Jarvis,Dan Jarvis,"Jarvis, Dan",Labour,Barnsley Central,dan.jarvis.mp@parliament.uk,House of Commons,London,SW1A 0AA
Stephanie,Peacock,Stephanie Peacock,"Peacock, Stephanie",Labour,Barnsley East,stephanie.peacock.mp@parliament.uk,House of Commons,London,SW1A 0AA
Simon,Fell,Simon Fell,"Fell, Simon",Conservative,Barrow and Furness,simon.fell.mp@parliament.uk,House of Commons,London,SW1A 0AA
John,Baron,Mr John Baron,"Baron, Mr John",Conservative,Basildon and Billericay,baronj@parliament.uk,House of Commons,London,SW1A 0AA
Maria,Miller,Dame Maria Miller,"Miller, Dame Maria",Conservative,Basingstoke,maria.miller.mp@parliament.uk,House of Commons,London,SW1A 0AA
Brendan,Clarke-Smith,Brendan Clarke-Smith,"Clarke-Smith, Brendan",Conservative,Bassetlaw,brendan.clarkesmith.mp@parliament.uk,House of Commons,London,SW1A 0AA
Wera,Hobhouse,Wera Hobhouse,"Hobhouse, Wera",Liberal Democrat,Bath,wera.hobhouse.mp@parliament.uk,House of Commons,London,SW1A 0AA
Kim,Leadbeater,Kim Leadbeater,"Leadbeater, Kim",Labour,Batley and Spen,kim.leadbeater.mp@parliament.uk,House of Commons,London,SW1A 0AA
Marsha,De Cordova,Marsha De Cordova,"De Cordova, Marsha",Labour,Battersea,marsha.decordova.mp@parliament.uk,House of Commons,London,SW1A 0AA
Joy,Morrissey,Joy Morrissey,"Morrissey, Joy",Conservative,Beaconsfield,joy.morrissey.mp@parliament.uk,House of Commons,London,SW1A 0AA
Robert,Stewart,Bob Stewart,"Stewart, Bob",Conservative,Beckenham,bob.stewart.mp@parliament.uk,House of Commons,London,SW1A 0AA
Mohammad,Yasin,Mohammad Yasin,"Yasin, Mohammad",Labour,Bedford,mohammad.yasin.mp@parliament.uk,House of Commons,London,SW1A 0AA
Gavin,Robinson,Gavin Robinson,"Robinson, Gavin",Democratic Unionist Party,Belfast East,gavin.robinson.mp@parliament.uk,House of Commons,London,SW1A 0AA
John,Finucane,John Finucane,"Finucane, John",Sinn Féin,Belfast North,john.finucane.mp@parliament.uk,House of Commons,London,SW1A 0AA
Claire,Hanna,Claire Hanna,"Hanna, Claire",Social Democratic & Labour Party,Belfast South,claire.hanna.mp@parliament.uk,House of Commons,London,SW1A 0AA
Paul,Maskey,Paul Maskey,"Maskey, Paul",Sinn Féin,Belfast West,paul.maskey.mp@parliament.uk,House of Commons,London,SW1A 0AA
Neil,Coyle,Neil Coyle,"Coyle, Neil",Independent,Bermondsey and Old Southwark,neil.coyle.mp@parliament.uk,House of Commons,London,SW1A 0AA
John,Lamont,John Lamont,"Lamont, John",Conservative,"Berwickshire, Roxburgh and Selkirk",john.lamont.mp@parliament.uk,House of Commons,London,SW1A 0AA
Anne-Marie,Trevelyan,Anne-Marie Trevelyan,"Trevelyan, Anne-Marie",Conservative,Berwick-upon-Tweed,annemarie.trevelyan.mp@parliament.uk,House of Commons,London,SW1A 0AA
Rushanara,Ali,Rushanara Ali,"Ali, Rushanara",Labour,Bethnal Green and Bow,rushanara.ali.mp@parliament.uk,House of Commons,London,SW1A 0AA
Graham,Stuart,Graham Stuart,"Stuart, Graham",Conservative,Beverley and Holderness,grahamstuartmp@parliament.uk,House of Commons,London,SW1A 0AA
Huw,Merriman,Huw Merriman,"Merriman, Huw",Conservative,Bexhill and Battle,huw.merriman.mp@parliament.uk,House of Commons,London,SW1A 0AA
David,Evennett,Sir David Evennett,"Evennett, Sir David",Conservative,Bexleyheath and Crayford,david.evennett.mp@parliament.uk,House of Commons,London,SW1A 0AA
Michael,Whitley,Mick Whitley,"Whitley, Mick",Labour,Birkenhead,mick.whitley.mp@parliament.uk,House of Commons,London,SW1A 0AA
Preet,Gill,Preet Kaur Gill,"Gill, Preet Kaur",Labour,"Birmingham, Edgbaston",preet.gill.mp@parliament.uk,House of Commons,London,SW1A 0AA
Paulette,Hamilton,Mrs Paulette Hamilton,"Hamilton, Mrs Paulette",Labour,"Birmingham, Erdington",paulette.hamilton.mp@parliament.uk,House of Commons,London,SW1A 0AA
Tahir,Ali,Tahir Ali,"Ali, Tahir",Labour,"Birmingham, Hall Green",tahir.ali.mp@parliament.uk,House of Commons,London,SW1A 0AA
Liam,Byrne,Liam Byrne,"Byrne, Liam",Labour,"Birmingham, Hodge Hill",byrnel@parliament.uk,House of Commons,London,SW1A 0AA
Shabana,Mahmood,Shabana Mahmood,"Mahmood, Shabana",Labour,"Birmingham, Ladywood",shabana.mahmood.mp@parliament.uk,House of Commons,London,SW1A 0AA
Gary,Sambrook,Gary Sambrook,"Sambrook, Gary",Conservative,"Birmingham, Northfield",gary.sambrook.mp@parliament.uk,House of Commons,London,SW1A 0AA
Khalid,Mahmood,Mr Khalid Mahmood,"Mahmood, Mr Khalid",Labour,"Birmingham, Perry Barr",mahmoodk@parliament.uk,House of Commons,London,SW1A 0AA
Stephen,McCabe,Steve McCabe,"McCabe, Steve",Labour,"Birmingham, Selly Oak",mccabes@parliament.uk,House of Commons,London,SW1A 0AA
Jessica,Phillips,Jess Phillips,"Phillips, Jess",Labour,"Birmingham, Yardley",jess.phillips.mp@parliament.uk,House of Commons,London,SW1A 0AA
Dehenna,Fareham,Dehenna Davison,"Davison, Dehenna",Conservative,Bishop Auckland,dehenna.davison.mp@parliament.uk,House of Commons,London,SW1A 0AA
Catherine,Hollern,Kate Hollern,"Hollern, Kate",Labour,Blackburn,kate.hollern.mp@parliament.uk,House of Commons,London,SW1A 0AA
Graham,Stringer,Graham Stringer,"Stringer, Graham",Labour,Blackley and Broughton,graham.stringer.mp@parliament.uk,House of Commons,London,SW1A 0AA
Paul,Maynard,Paul Maynard,"Maynard, Paul",Conservative,Blackpool North and Cleveleys,paul.maynard.mp@parliament.uk,House of Commons,London,SW1A 0AA
Scott,Benton,Scott Benton,"Benton, Scott",Conservative,Blackpool South,scott.benton.mp@parliament.uk,House of Commons,London,SW1A 0AA
Nicholas,Smith,Nick Smith,"Smith, Nick",Labour,Blaenau Gwent,nick.smith.mp@parliament.uk,House of Commons,London,SW1A 0AA
Mary,Twist,Liz Twist,"Twist, Liz",Labour,Blaydon,liz.twist.mp@parliament.uk,House of Commons,London,SW1A 0AA
Ian,Levy,Ian Levy,"Levy, Ian",Conservative,Blyth Valley,ian.levy.mp@parliament.uk,House of Commons,London,SW1A 0AA
Nicolas,Gibb,Nick Gibb,"Gibb, Nick",Conservative,Bognor Regis and Littlehampton,gibbn@parliament.uk,House of Commons,London,SW1A 0AA
Mark,Fletcher,Mark Fletcher,"Fletcher, Mark",Conservative,Bolsover,mark.fletcher.mp@parliament.uk,House of Commons,London,SW1A 0AA
Mark,Logan,Mark Logan,"Logan, Mark",Conservative,Bolton North East,mark.logan.mp@parliament.uk,House of Commons,London,SW1A 0AA
Yasmin ,Qureshi,Yasmin Qureshi,"Qureshi, Yasmin",Labour,Bolton South East,yasmin.qureshi.mp@parliament.uk,House of Commons,London,SW1A 0AA
Christopher,Green,Chris Green,"Green, Chris",Conservative,Bolton West,chris.green.mp@parliament.uk,House of Commons,London,SW1A 0AA
Peter,Dowd,Peter Dowd,"Dowd, Peter",Labour,Bootle,peter.dowd.mp@parliament.uk,House of Commons,London,SW1A 0AA
Matthew,Warman,Matt Warman,"Warman, Matt",Conservative,Boston and Skegness,matt.warman.mp@parliament.uk,House of Commons,London,SW1A 0AA
Luke,Evans,Dr Luke Evans,"Evans, Dr Luke",Conservative,Bosworth,luke.evans.mp@parliament.uk,House of Commons,London,SW1A 0AA
Tobias,Ellwood,Mr Tobias Ellwood,"Ellwood, Mr Tobias",Conservative,Bournemouth East,tobias.ellwood.mp@parliament.uk,House of Commons,London,SW1A 0AA
Conor,Burns,Conor Burns,"Burns, Conor",Independent,Bournemouth West,conor.burns.mp@parliament.uk,House of Commons,London,SW1A 0AA
James,Sunderland,James Sunderland,"Sunderland, James",Conservative,Bracknell,james.sunderland.mp@parliament.uk,House of Commons,London,SW1A 0AA
Imran,Hussain,Imran Hussain,"Hussain, Imran",Labour,Bradford East,imran.hussain.mp@parliament.uk,House of Commons,London,SW1A 0AA
Judith,Cummins,Judith Cummins,"Cummins, Judith",Labour,Bradford South,judith.cummins.mp@parliament.uk,House of Commons,London,SW1A 0AA
Naseem,Shah,Naz Shah,"Shah, Naz",Labour,Bradford West,naz.shah.mp@parliament.uk,House of Commons,London,SW1A 0AA
James,Cleverly,James Cleverly,"Cleverly, James",Conservative,Braintree,james.cleverly.mp@parliament.uk,House of Commons,London,SW1A 0AA
Fay,Jones,Fay Jones,"Jones, Fay",Conservative,Brecon and Radnorshire,fay.jones.mp@parliament.uk,House of Commons,London,SW1A 0AA
Dawn,Butler,Dawn Butler,"Butler, Dawn",Labour,Brent Central,dawn.butler.mp@parliament.uk,House of Commons,London,SW1A 0AA
Barry,Gardiner,Barry Gardiner,"Gardiner, Barry",Labour,Brent North,gardinerb@parliament.uk,House of Commons,London,SW1A 0AA
Ruth,Cadbury,Ruth Cadbury,"Cadbury, Ruth",Labour,Brentford and Isleworth,ruthcadburymp@parliament.uk,House of Commons,London,SW1A 0AA
Michael,Burghart,Alex Burghart,"Burghart, Alex",Conservative,Brentwood and Ongar,alex.burghart.mp@parliament.uk,House of Commons,London,SW1A 0AA
Jamie,Wallis,Dr Jamie Wallis,"Wallis, Dr Jamie",Conservative,Bridgend,jamie.wallis.mp@parliament.uk,House of Commons,London,SW1A 0AA
Ian,Liddell-Grainger,Mr Ian Liddell-Grainger,"Liddell-Grainger, Mr Ian",Conservative,Bridgwater and West Somerset,ianlg@parliament.uk,House of Commons,London,SW1A 0AA
Andrew,Percy,Andrew Percy,"Percy, Andrew",Conservative,Brigg and Goole,andrew.percy.mp@parliament.uk,House of Commons,London,SW1A 0AA
Lloyd,Russell-Moyle,Lloyd Russell-Moyle,"Russell-Moyle, Lloyd",Labour,"Brighton, Kemptown",lloyd.russellmoyle.mp@parliament.uk,House of Commons,London,SW1A 0AA
Caroline,Lucas,Caroline Lucas,"Lucas, Caroline",Green Party,"Brighton, Pavilion",caroline.lucas.mp@parliament.uk,House of Commons,London,SW1A 0AA
Kerry,McCarthy,Kerry McCarthy,"McCarthy, Kerry",Labour,Bristol East,kerry.mccarthy.mp@parliament.uk,House of Commons,London,SW1A 0AA
Darren,Jones,Darren Jones,"Jones, Darren",Labour,Bristol North West,darren.jones.mp@parliament.uk,House of Commons,London,SW1A 0AA
Karin,Smyth,Karin Smyth,"Smyth, Karin",Labour,Bristol South,karin.smyth.mp@parliament.uk,House of Commons,London,SW1A 0AA
Thangam,Debbonaire,Thangam Debbonaire,"Debbonaire, Thangam",Labour,Bristol West,thangam.debbonaire.mp@parliament.uk,House of Commons,London,SW1A 0AA
Jerome,Mayhew,Jerome Mayhew,"Mayhew, Jerome",Conservative,Broadland,jerome.mayhew.mp@parliament.uk,House of Commons,London,SW1A 0AA
Robert,Neill,Sir Robert Neill,"Neill, Sir Robert",Conservative,Bromley and Chislehurst,bob.neill.mp@parliament.uk,House of Commons,London,SW1A 0AA
Sajid,Javid,Sajid Javid,"Javid, Sajid",Conservative,Bromsgrove,sajid.javid.mp@parliament.uk,House of Commons,London,SW1A 0AA
Charles,Walker,Sir Charles Walker,"Walker, Sir Charles",Conservative,Broxbourne,charles.walker.mp@parliament.uk,House of Commons,London,SW1A 0AA
Darren,Henry,Darren Henry,"Henry, Darren",Conservative,Broxtowe,darren.henry.mp@parliament.uk,House of Commons,London,SW1A 0AA
Greg,Smith,Greg Smith,"Smith, Greg",Conservative,Buckingham,greg.smith.mp@parliament.uk,House of Commons,London,SW1A 0AA
Antony,Higginbotham,Antony Higginbotham,"Higginbotham, Antony",Conservative,Burnley,antony.higginbotham.mp@parliament.uk,House of Commons,London,SW1A 0AA
Kate,Kniveton,Kate Kniveton,"Kniveton, Kate",Conservative,Burton,kate.griffiths.mp@parliament.uk,House of Commons,London,SW1A 0AA
James,Daly,James Daly,"Daly, James",Conservative,Bury North,james.daly.mp@parliament.uk,House of Commons,London,SW1A 0AA
Christian,Wakeford,Christian Wakeford,"Wakeford, Christian",Labour,Bury South,christian.wakeford.mp@parliament.uk,House of Commons,London,SW1A 0AA
Johanna,Churchill,Jo Churchill,"Churchill, Jo",Conservative,Bury St Edmunds,jo.churchill.mp@parliament.uk,House of Commons,London,SW1A 0AA
Wayne,David,Wayne David,"David, Wayne",Labour,Caerphilly,davidw@parliament.uk,House of Commons,London,SW1A 0AA
Jamie,Stone,Jamie Stone,"Stone, Jamie",Liberal Democrat,"Caithness, Sutherland and Easter Ross",jamie.stone.mp@parliament.uk,House of Commons,London,SW1A 0AA
Craig,Whittaker,Craig Whittaker,"Whittaker, Craig",Conservative,Calder Valley,craig.whittaker.mp@parliament.uk,House of Commons,London,SW1A 0AA
Harriet,Harman,Ms Harriet Harman,"Harman, Ms Harriet",Labour,Camberwell and Peckham,harriet.harman.mp@parliament.uk,House of Commons,London,SW1A 0AA
Charles,Eustice,George Eustice,"Eustice, George",Conservative,Camborne and Redruth,george.eustice.mp@parliament.uk,House of Commons,London,SW1A 0AA
Daniel,Zeichner,Daniel Zeichner,"Zeichner, Daniel",Labour,Cambridge,,House of Commons,London,SW1A 0AA
Amanda,Milling,Amanda Milling,"Milling, Amanda",Conservative,Cannock Chase,amanda.milling.mp@parliament.uk,House of Commons,London,SW1A 0AA
Rosemary,Duffield,Rosie Duffield,"Duffield, Rosie",Labour,Canterbury,rosie.duffield.mp@parliament.uk,House of Commons,London,SW1A 0AA
Joanna,Stevens,Jo Stevens,"Stevens, Jo",Labour,Cardiff Central,jo.stevens.mp@parliament.uk,House of Commons,London,SW1A 0AA
Anna,McMorrin,Anna McMorrin,"McMorrin, Anna",Labour,Cardiff North,anna.mcmorrin.mp@parliament.uk,House of Commons,London,SW1A 0AA
Stephen,Doughty,Stephen Doughty,"Doughty, Stephen",Labour,Cardiff South and Penarth,stephen.doughty.mp@parliament.uk,House of Commons,London,SW1A 0AA
Kevin,Brennan,Kevin Brennan,"Brennan, Kevin",Labour,Cardiff West,brennank@parliament.uk,House of Commons,London,SW1A 0AA
Andrew,Stevenson,John Stevenson,"Stevenson, John",Conservative,Carlisle,,House of Commons,London,SW1A 0AA
David,Edwards,Jonathan Edwards,"Edwards, Jonathan",Independent,Carmarthen East and Dinefwr,jonathan.edwards.mp@parliament.uk,House of Commons,London,SW1A 0AA
Simon,Hart,Simon Hart,"Hart, Simon",Conservative,Carmarthen West and South Pembrokeshire,simon.hart.mp@parliament.uk,House of Commons,London,SW1A 0AA
Elliot,Colburn,Elliot Colburn,"Colburn, Elliot",Conservative,Carshalton and Wallington,elliot.colburn.mp@parliament.uk,House of Commons,London,SW1A 0AA
Rebecca ,Harris,Rebecca Harris,"Harris, Rebecca",Conservative,Castle Point,rebecca.harris.mp@parliament.uk,House of Commons,London,SW1A 0AA
Philippa,Whitford,Dr Philippa Whitford,"Whitford, Dr Philippa",Scottish National Party,Central Ayrshire,philippa.whitford.mp@parliament.uk,House of Commons,London,SW1A 0AA
Melvyn,Stride,Mel Stride,"Stride, Mel",Conservative,Central Devon,mel.stride.mp@parliament.uk,House of Commons,London,SW1A 0AA
Daniel,Poulter,Dr Dan Poulter,"Poulter, Dr Dan",Conservative,Central Suffolk and North Ipswich,daniel.poulter.mp@parliament.uk,House of Commons,London,SW1A 0AA
Ben,Lake,Ben Lake,"Lake, Ben",Plaid Cymru,Ceredigion,ben.lake.mp@parliament.uk,House of Commons,London,SW1A 0AA
Edward,Argar,Edward Argar,"Argar, Edward",Conservative,Charnwood,edward.argar.mp@parliament.uk,House of Commons,London,SW1A 0AA
Tracey,Crouch,Tracey Crouch,"Crouch, Tracey",Conservative,Chatham and Aylesford,tracey.crouch.mp@parliament.uk,House of Commons,London,SW1A 0AA
Mary,Robinson,Mary Robinson,"Robinson, Mary",Conservative,Cheadle,mary.robinson.mp@parliament.uk,House of Commons,London,SW1A 0AA
Victoria,Ford,Vicky Ford,"Ford, Vicky",Conservative,Chelmsford,vicky.ford.mp@parliament.uk,House of Commons,London,SW1A 0AA
Gregory,Hands,Greg Hands,"Hands, Greg",Conservative,Chelsea and Fulham,handsg@parliament.uk,House of Commons,London,SW1A 0AA
Alexander,Chalk,Alex Chalk,"Chalk, Alex",Conservative,Cheltenham,alex.chalk.mp@parliament.uk,House of Commons,London,SW1A 0AA
Sarah,Green,Sarah Green,"Green, Sarah",Liberal Democrat,Chesham and Amersham,sarah.green.mp@parliament.uk,House of Commons,London,SW1A 0AA
Matthew,Perkins,Mr Toby Perkins,"Perkins, Mr Toby",Labour,Chesterfield,toby.perkins.mp@parliament.uk,House of Commons,London,SW1A 0AA
Gillian,Keegan,Gillian Keegan,"Keegan, Gillian",Conservative,Chichester,gillian.keegan.mp@parliament.uk,House of Commons,London,SW1A 0AA
George,Duncan Smith,Sir Iain Duncan Smith,"Duncan Smith, Sir Iain",Conservative,Chingford and Woodford Green,Iain.duncansmith.mp@parliament.uk,House of Commons,London,SW1A 0AA
Michelle,Donelan,Michelle Donelan,"Donelan, Michelle",Conservative,Chippenham,michelle.donelan.mp@parliament.uk,House of Commons,London,SW1A 0AA
Theresa,Villiers,Theresa Villiers,"Villiers, Theresa",Conservative,Chipping Barnet,,House of Commons,London,SW1A 0AA
Lindsay,Hoyle,Sir Lindsay Hoyle,"Hoyle, Sir Lindsay",Speaker,Chorley,Lindsay.hoyle.mp@parliament.uk,House of Commons,London,SW1A 0AA
Christopher,Chope,Sir Christopher Chope,"Chope, Sir Christopher",Conservative,Christchurch,chopec@parliament.uk,House of Commons,London,SW1A 0AA
Nicola ,Aiken,Nickie Aiken,"Aiken, Nickie",Conservative,Cities of London and Westminster,nickie.aiken.mp@parliament.uk,House of Commons,London,SW1A 0AA
Mary,Foy,Mary Kelly Foy,"Foy, Mary Kelly",Labour,City of Durham,mary.foy.mp@parliament.uk,House of Commons,London,SW1A 0AA
Giles,Watling,Giles Watling,"Watling, Giles",Conservative,Clacton,giles.watling.mp@parliament.uk,House of Commons,London,SW1A 0AA
Martin,Vickers,Martin Vickers,"Vickers, Martin",Conservative,Cleethorpes,martin.vickers.mp@parliament.uk,House of Commons,London,SW1A 0AA
Simon,Baynes,Simon Baynes,"Baynes, Simon",Conservative,Clwyd South,simon.baynes.mp@parliament.uk,House of Commons,London,SW1A 0AA
David,Jones,Mr David Jones,"Jones, Mr David",Conservative,Clwyd West,officeofdavidjonesmp@parliament.uk,House of Commons,London,SW1A 0AA
Steven,Bonnar,Steven Bonnar,"Bonnar, Steven",Scottish National Party,"Coatbridge, Chryston and Bellshill",steven.bonnar.mp@parliament.uk,House of Commons,London,SW1A 0AA
William,Quince,Will Quince,"Quince, Will",Conservative,Colchester,will.quince.mp@parliament.uk,House of Commons,London,SW1A 0AA
Jason,McCartney,Jason McCartney,"McCartney, Jason",Conservative,Colne Valley,jason.mccartney.mp@parliament.uk,House of Commons,London,SW1A 0AA
Fiona,Bruce,Fiona Bruce,"Bruce, Fiona",Conservative,Congleton,fiona.bruce.mp@parliament.uk,House of Commons,London,SW1A 0AA
Trudy,Harrison,Trudy Harrison,"Harrison, Trudy",Conservative,Copeland,trudy.harrison.mp@parliament.uk,House of Commons,London,SW1A 0AA
Thomas,Pursglove,Tom Pursglove,"Pursglove, Tom",Conservative,Corby,tom.pursglove.mp@parliament.uk,House of Commons,London,SW1A 0AA
Colleen,Fletcher,Colleen Fletcher,"Fletcher, Colleen",Labour,Coventry North East,colleen.fletcher.mp@parliament.uk,House of Commons,London,SW1A 0AA
Taiwo,Owatemi,Taiwo Owatemi,"Owatemi, Taiwo",Labour,Coventry North West,taiwo.owatemi.mp@parliament.uk,House of Commons,London,SW1A 0AA
Zarah,Sultana,Zarah Sultana,"Sultana, Zarah",Labour,Coventry South,zarah.sultana.mp@parliament.uk,House of Commons,London,SW1A 0AA
Henry,Smith,Henry Smith,"Smith, Henry",Conservative,Crawley,henry.smith.mp@parliament.uk,House of Commons,London,SW1A 0AA
Kieran,Mullan,Dr Kieran Mullan,"Mullan, Dr Kieran",Conservative,Crewe and Nantwich,kieran.mullan.mp@parliament.uk,House of Commons,London,SW1A 0AA
Sarah,Jones,Sarah Jones,"Jones, Sarah",Labour,Croydon Central,sarah.jones.mp@parliament.uk,House of Commons,London,SW1A 0AA
Steven,Reed,Steve Reed,"Reed, Steve",Labour,Croydon North,steve.reed.mp@parliament.uk,House of Commons,London,SW1A 0AA
Chris,Philp,Chris Philp,"Philp, Chris",Conservative,Croydon South,chris.philp.mp@parliament.uk,House of Commons,London,SW1A 0AA
Stuart,McDonald,Stuart C McDonald,"McDonald, Stuart C",Scottish National Party,"Cumbernauld, Kilsyth and Kirkintilloch East",stuart.mcdonald.mp@parliament.uk,House of Commons,London,SW1A 0AA
Bethan,Winter,Beth Winter,"Winter, Beth",Labour,Cynon Valley,beth.winter.mp@parliament.uk,House of Commons,London,SW1A 0AA
Jonathan,Cruddas,Jon Cruddas,"Cruddas, Jon",Labour,Dagenham and Rainham,cruddasj@parliament.uk,House of Commons,London,SW1A 0AA
Peter,Gibson,Peter Gibson,"Gibson, Peter",Conservative,Darlington,peter.gibson.mp@parliament.uk,House of Commons,London,SW1A 0AA
Gareth,Johnson,Gareth Johnson,"Johnson, Gareth",Conservative,Dartford,gareth.johnson.mp@parliament.uk,House of Commons,London,SW1A 0AA
Christopher,Heaton-Harris,Chris Heaton-Harris,"Heaton-Harris, Chris",Conservative,Daventry,chris.heatonharris.mp@parliament.uk,House of Commons,London,SW1A 0AA
Robert,Roberts,Rob Roberts,"Roberts, Rob",Independent,Delyn,rob.roberts.mp@parliament.uk,House of Commons,London,SW1A 0AA
Andrew,Gwynne,Andrew Gwynne,"Gwynne, Andrew",Labour,Denton and Reddish,gwynnea@parliament.uk,House of Commons,London,SW1A 0AA
Amanda,Solloway,Amanda Solloway,"Solloway, Amanda",Conservative,Derby North,amanda.solloway.mp@parliament.uk,House of Commons,London,SW1A 0AA
Margaret,Beckett,Margaret Beckett,"Beckett, Margaret",Labour,Derby South,margaret.beckett.mp@parliament.uk,House of Commons,London,SW1A 0AA
Sarah,Dines,Miss Sarah Dines,"Dines, Miss Sarah",Conservative,Derbyshire Dales,sarah.dines.mp@parliament.uk,House of Commons,London,SW1A 0AA
Daniel,Kruger,Danny Kruger,"Kruger, Danny",Conservative,Devizes,danny.kruger.mp@parliament.uk,House of Commons,London,SW1A 0AA
Mark,Eastwood,Mark Eastwood,"Eastwood, Mark",Conservative,Dewsbury,mark.eastwood.mp@parliament.uk,House of Commons,London,SW1A 0AA
Nicholas ,Fletcher,Nick Fletcher,"Fletcher, Nick",Conservative,Don Valley,nick.fletcher.mp@parliament.uk,House of Commons,London,SW1A 0AA
Rosalie,Winterton,Dame Rosie Winterton,"Winterton, Dame Rosie",Labour,Doncaster Central,rosie.winterton.mp@parliament.uk,House of Commons,London,SW1A 0AA
Edward,Miliband,Edward Miliband,"Miliband, Edward",Labour,Doncaster North,ed.miliband.mp@parliament.uk,House of Commons,London,SW1A 0AA
Natalie,Elphicke,Mrs Natalie Elphicke,"Elphicke, Mrs Natalie",Conservative,Dover,natalie.elphicke.mp@parliament.uk,House of Commons,London,SW1A 0AA
Marco,Longhi,Marco Longhi,"Longhi, Marco",Conservative,Dudley North,marco.longhi.mp@parliament.uk,House of Commons,London,SW1A 0AA
Michael,Wood,Mike Wood,"Wood, Mike",Conservative,Dudley South,mike.wood.mp@parliament.uk,House of Commons,London,SW1A 0AA
Helen,Hayes,Helen Hayes,"Hayes, Helen",Labour,Dulwich and West Norwood,helen.hayes.mp@parliament.uk,House of Commons,London,SW1A 0AA
Alister,Jack,Mr Alister Jack,"Jack, Mr Alister",Conservative,Dumfries and Galloway,alister.jack.mp@parliament.uk,House of Commons,London,SW1A 0AA
David,Mundell,David Mundell,"Mundell, David",Conservative,"Dumfriesshire, Clydesdale and Tweeddale",david.mundell.mp@parliament.uk,House of Commons,London,SW1A 0AA
Stewart,Hosie,Stewart Hosie,"Hosie, Stewart",Scottish National Party,Dundee East,stewart.hosie.mp@parliament.uk,House of Commons,London,SW1A 0AA
Christopher,Law,Chris Law,"Law, Chris",Scottish National Party,Dundee West,chris.law.mp@parliament.uk,House of Commons,London,SW1A 0AA
Douglas,Chapman,Douglas Chapman,"Chapman, Douglas",Scottish National Party,Dunfermline and West Fife,douglas.chapman.mp@parliament.uk,House of Commons,London,SW1A 0AA
Liz,Saville Roberts,Liz Saville Roberts,"Saville Roberts, Liz",Plaid Cymru,Dwyfor Meirionnydd,liz.savilleroberts.mp@parliament.uk,House of Commons,London,SW1A 0AA
Rupa,Huq,Dr Rupa Huq,"Huq, Dr Rupa",Independent,Ealing Central and Acton,rupa.huq.mp@parliament.uk,House of Commons,London,SW1A 0AA
James,Murray,James Murray,"Murray, James",Labour,Ealing North,james.murray.mp@parliament.uk,House of Commons,London,SW1A 0AA
Virendra,Sharma,Mr Virendra Sharma,"Sharma, Mr Virendra",Labour,"Ealing, Southall",sharmav@parliament.uk,House of Commons,London,SW1A 0AA
Grahame,Morris,Grahame Morris,"Morris, Grahame",Labour,Easington,grahame.morris.mp@parliament.uk,House of Commons,London,SW1A 0AA
Samuel,Wilson,Sammy Wilson,"Wilson, Sammy",Democratic Unionist Party,East Antrim,barronj@parliament.uk,House of Commons,London,SW1A 0AA
Simon,Jupp,Simon Jupp,"Jupp, Simon",Conservative,East Devon,simon.jupp.mp@parliament.uk,House of Commons,London,SW1A 0AA
Amy,Callaghan,Amy Callaghan,"Callaghan, Amy",Scottish National Party,East Dunbartonshire,amy.callaghan.mp@parliament.uk,House of Commons,London,SW1A 0AA
Stephen,Timms,Sir Stephen Timms,"Timms, Sir Stephen",Labour,East Ham,timmss@parliament.uk,House of Commons,London,SW1A 0AA
Damian,Hinds,Damian Hinds,"Hinds, Damian",Conservative,East Hampshire,damian.hinds.mp@parliament.uk,House of Commons,London,SW1A 0AA
Lisa,Cameron,Dr Lisa Cameron,"Cameron, Dr Lisa",Scottish National Party,"East Kilbride, Strathaven and Lesmahagow",lisa.cameron.mp@parliament.uk,House of Commons,London,SW1A 0AA
Gregory,Campbell,Mr Gregory Campbell,"Campbell, Mr Gregory",Democratic Unionist Party,East Londonderry,aaron.callan@parliament.uk,House of Commons,London,SW1A 0AA
Kenny,MacAskill,Kenny MacAskill,"MacAskill, Kenny",Alba Party,East Lothian,kenny.macaskill.mp@parliament.uk,House of Commons,London,SW1A 0AA
Kirsten,Oswald,Kirsten Oswald,"Oswald, Kirsten",Scottish National Party,East Renfrewshire,kirsten.oswald.mp@parliament.uk,House of Commons,London,SW1A 0AA
Claire,Coutinho,Claire Coutinho,"Coutinho, Claire",Conservative,East Surrey,claire.coutinho.mp@parliament.uk,House of Commons,London,SW1A 0AA
Timothy,Loughton,Tim Loughton,"Loughton, Tim",Conservative,East Worthing and Shoreham,loughtont@parliament.uk,House of Commons,London,SW1A 0AA
Gregory,Knight,Sir Greg Knight,"Knight, Sir Greg",Conservative,East Yorkshire,sothcottt@parliament.uk,House of Commons,London,SW1A 0AA
Caroline,Ansell,Caroline Ansell,"Ansell, Caroline",Conservative,Eastbourne,caroline.ansell.mp@parliament.uk,House of Commons,London,SW1A 0AA
Paul,Holmes,Paul Holmes,"Holmes, Paul",Conservative,Eastleigh,paul.holmes.mp@parliament.uk,House of Commons,London,SW1A 0AA
Anthony,Timpson,Edward Timpson,"Timpson, Edward",Conservative,Eddisbury,edward.timpson.mp@parliament.uk,House of Commons,London,SW1A 0AA
Thomas,Sheppard,Tommy Sheppard,"Sheppard, Tommy",Scottish National Party,Edinburgh East,tommy.sheppard.mp@parliament.uk,House of Commons,London,SW1A 0AA
Deidre,Brock,Deidre Brock,"Brock, Deidre",Scottish National Party,Edinburgh North and Leith,deidre.brock.mp@parliament.uk,House of Commons,London,SW1A 0AA
Ian,Murray,Ian Murray,"Murray, Ian",Labour,Edinburgh South,ian.murray.mp@parliament.uk,House of Commons,London,SW1A 0AA
Joanna,Cherry,Joanna Cherry,"Cherry, Joanna",Scottish National Party,Edinburgh South West,joanna.cherry.mp@parliament.uk,House of Commons,London,SW1A 0AA
Christine,Jardine,Christine Jardine,"Jardine, Christine",Liberal Democrat,Edinburgh West,christine.jardine.mp@parliament.uk,House of Commons,London,SW1A 0AA
Kate,Osamor,Kate Osamor,"Osamor, Kate",Labour,Edmonton,kate.osamor.mp@parliament.uk,House of Commons,London,SW1A 0AA
Justin,Madders,Justin Madders,"Madders, Justin",Labour,Ellesmere Port and Neston,justin.madders.mp@parliament.uk,House of Commons,London,SW1A 0AA
Alec,Shelbrooke,Alec Shelbrooke,"Shelbrooke, Alec",Conservative,Elmet and Rothwell,alec.shelbrooke.mp@parliament.uk,House of Commons,London,SW1A 0AA
Clive,Efford,Clive Efford,"Efford, Clive",Labour,Eltham,effordc@parliament.uk,House of Commons,London,SW1A 0AA
Feryal,Clark,Feryal Clark,"Clark, Feryal",Labour,Enfield North,feryal.clark.mp@parliament.uk,House of Commons,London,SW1A 0AA
Charalambos,Charalambous,Bambos Charalambous,"Charalambous, Bambos",Labour,"Enfield, Southgate",bambos.charalambous.mp@parliament.uk,House of Commons,London,SW1A 0AA
Eleanor,Laing,Dame Eleanor Laing,"Laing, Dame Eleanor",Conservative,Epping Forest,eleanor.laing.mp@parliament.uk,House of Commons,London,SW1A 0AA
Christopher,Grayling,Chris Grayling,"Grayling, Chris",Conservative,Epsom and Ewell,chris.grayling.mp@parliament.uk,House of Commons,London,SW1A 0AA
Margaret,Throup,Maggie Throup,"Throup, Maggie",Conservative,Erewash,maggie.throup.mp@parliament.uk,House of Commons,London,SW1A 0AA
Abena,Oppong-Asare,Abena Oppong-Asare,"Oppong-Asare, Abena",Labour,Erith and Thamesmead,abena.oppongasare.mp@parliament.uk,House of Commons,London,SW1A 0AA
Dominic,Raab,Dominic Raab,"Raab, Dominic",Conservative,Esher and Walton,dominic.raab.mp@parliament.uk,House of Commons,London,SW1A 0AA
Benjamin,Bradshaw,Mr Ben Bradshaw,"Bradshaw, Mr Ben",Labour,Exeter,bradshawb@parliament.uk,House of Commons,London,SW1A 0AA
John,McNally,John McNally,"McNally, John",Scottish National Party,Falkirk,john.mcnally.mp@parliament.uk,House of Commons,London,SW1A 0AA
Sue-Ellen,Braverman,Suella Braverman,"Braverman, Suella",Conservative,Fareham,suella.braverman.mp@parliament.uk,House of Commons,London,SW1A 0AA
Helen,Whately,Helen Whately,"Whately, Helen",Conservative,Faversham and Mid Kent,helen.whately.mp@parliament.uk,House of Commons,London,SW1A 0AA
Seema,Malhotra-Saluja,Seema Malhotra,"Malhotra, Seema",Labour,Feltham and Heston,seema.malhotra.mp@parliament.uk,House of Commons,London,SW1A 0AA
Michelle,Gildernew,Michelle Gildernew,"Gildernew, Michelle",Sinn Féin,Fermanagh and South Tyrone,michelle.gildernew.mp@parliament.uk,House of Commons,London,SW1A 0AA
Giacomo,Lopresti,Jack Lopresti,"Lopresti, Jack",Conservative,Filton and Bradley Stoke,jack.lopresti.mp@parliament.uk,House of Commons,London,SW1A 0AA
Michael,Freer,Mike Freer,"Freer, Mike",Conservative,Finchley and Golders Green,mike.freer.mp@parliament.uk,House of Commons,London,SW1A 0AA
Damian,Collins,Damian Collins,"Collins, Damian",Conservative,Folkestone and Hythe,damian.collins.mp@parliament.uk,House of Commons,London,SW1A 0AA
Mark,Harper,Mr Mark Harper,"Harper, Mr Mark",Conservative,Forest of Dean,mark.harper.mp@parliament.uk,House of Commons,London,SW1A 0AA
Colum,Eastwood,Colum Eastwood,"Eastwood, Colum",Social Democratic & Labour Party,Foyle,colum.eastwood.mp@parliament.uk,House of Commons,London,SW1A 0AA
Mark,Menzies,Mark Menzies,"Menzies, Mark",Conservative,Fylde,mark.menzies.mp@parliament.uk,House of Commons,London,SW1A 0AA
Edward,Leigh,Sir Edward Leigh,"Leigh, Sir Edward",Conservative,Gainsborough,edward.leigh.mp@parliament.uk,House of Commons,London,SW1A 0AA
Maria,Eagle,Maria Eagle,"Eagle, Maria",Labour,Garston and Halewood,maria.eagle.mp@parliament.uk,House of Commons,London,SW1A 0AA
James,Mearns,Ian Mearns,"Mearns, Ian",Labour,Gateshead,ian.mearns.mp@parliament.uk,House of Commons,London,SW1A 0AA
Thomas ,Randall,Tom Randall,"Randall, Tom",Conservative,Gedling,tom.randall.mp@parliament.uk,House of Commons,London,SW1A 0AA
Atta-Ur-Rehman,Chishti,Rehman Chishti,"Chishti, Rehman",Conservative,Gillingham and Rainham,rehman.chishti.mp@parliament.uk,House of Commons,London,SW1A 0AA
Alison,Thewliss,Alison Thewliss,"Thewliss, Alison",Scottish National Party,Glasgow Central,alison.thewliss.mp@parliament.uk,House of Commons,London,SW1A 0AA
David,Linden,David Linden,"Linden, David",Scottish National Party,Glasgow East,david.linden.mp@parliament.uk,House of Commons,London,SW1A 0AA
Patrick,Grady,Patrick Grady,"Grady, Patrick",Independent,Glasgow North,patrick.grady.mp@parliament.uk,House of Commons,London,SW1A 0AA
Elizabeth Anne,McLaughlin,Anne McLaughlin,"McLaughlin, Anne",Scottish National Party,Glasgow North East,anne.mclaughlin.mp@parliament.uk,House of Commons,London,SW1A 0AA
Carol,Monaghan,Carol Monaghan,"Monaghan, Carol",Scottish National Party,Glasgow North West,carol.monaghan.mp@parliament.uk,House of Commons,London,SW1A 0AA
Stewart,McDonald,Stewart Malcolm McDonald,"McDonald, Stewart Malcolm",Scottish National Party,Glasgow South,stewart.mcdonald.mp@parliament.uk,House of Commons,London,SW1A 0AA
Christopher,Stephens,Chris Stephens,"Stephens, Chris",Scottish National Party,Glasgow South West,chris.stephens.mp@parliament.uk,House of Commons,London,SW1A 0AA
Peter,Grant,Peter Grant,"Grant, Peter",Scottish National Party,Glenrothes,peter.grant.mp@parliament.uk,House of Commons,London,SW1A 0AA
Richard,Graham,Richard Graham,"Graham, Richard",Conservative,Gloucester,richard.graham.mp@parliament.uk,House of Commons,London,SW1A 0AA
Richard,Thomson,Richard Thomson,"Thomson, Richard",Scottish National Party,Gordon,richard.thomson.mp@parliament.uk,House of Commons,London,SW1A 0AA
Caroline,Dinenage,Dame Caroline Dinenage,"Dinenage, Dame Caroline",Conservative,Gosport,caroline.dinenage.mp@parliament.uk,House of Commons,London,SW1A 0AA
Antonia,Antoniazzi,Tonia Antoniazzi,"Antoniazzi, Tonia",Labour,Gower,tonia.antoniazzi.mp@parliament.uk,House of Commons,London,SW1A 0AA
Gareth,Davies,Gareth Davies,"Davies, Gareth",Conservative,Grantham and Stamford,gareth.davies.mp@parliament.uk,House of Commons,London,SW1A 0AA
Adam,Holloway,Adam Holloway,"Holloway, Adam",Conservative,Gravesham,hollowaya@parliament.uk,House of Commons,London,SW1A 0AA
Lia,Nici-Townend,Lia Nici,"Nici, Lia",Conservative,Great Grimsby,lia.nici.mp@parliament.uk,House of Commons,London,SW1A 0AA
Brandon,Lewis,Brandon Lewis,"Lewis, Brandon",Conservative,Great Yarmouth,brandon.lewis.mp@parliament.uk,House of Commons,London,SW1A 0AA
Matthew,Pennycook,Matthew Pennycook,"Pennycook, Matthew",Labour,Greenwich and Woolwich,matthew.pennycook.mp@parliament.uk,House of Commons,London,SW1A 0AA
Angela,Richardson,Angela Richardson,"Richardson, Angela",Conservative,Guildford,angela.richardson.mp@parliament.uk,House of Commons,London,SW1A 0AA
Diane,Abbott,Ms Diane Abbott,"Abbott, Ms Diane",Labour,Hackney North and Stoke Newington,diane.abbott.office@parliament.uk,House of Commons,London,SW1A 0AA
Margaret,Hillier,Dame Meg Hillier,"Hillier, Dame Meg",Labour,Hackney South and Shoreditch,meghilliermp@parliament.uk,House of Commons,London,SW1A 0AA
James,Morris,James Morris,"Morris, James",Conservative,Halesowen and Rowley Regis,james.morris.mp@parliament.uk,House of Commons,London,SW1A 0AA
Holly,Walker-Lynch,Holly Lynch,"Lynch, Holly",Labour,Halifax,holly.lynch.mp@parliament.uk,House of Commons,London,SW1A 0AA
David,Davis,Mr David Davis,"Davis, Mr David",Conservative,Haltemprice and Howden,david.davis.mp@parliament.uk,House of Commons,London,SW1A 0AA
John,Twigg,Derek Twigg,"Twigg, Derek",Labour,Halton,derek.twigg.mp@parliament.uk,House of Commons,London,SW1A 0AA
Andrew,Slaughter,Andy Slaughter,"Slaughter, Andy",Labour,Hammersmith,slaughtera@parliament.uk,House of Commons,London,SW1A 0AA
Tulip,Siddiq,Tulip Siddiq,"Siddiq, Tulip",Labour,Hampstead and Kilburn,tulip.siddiq.mp@parliament.uk,House of Commons,London,SW1A 0AA
Neil,O'Brien,Neil O'Brien,"O'Brien, Neil",Conservative,Harborough,neil.obrien.mp@parliament.uk,House of Commons,London,SW1A 0AA
Robert,Halfon,Robert Halfon,"Halfon, Robert",Conservative,Harlow,,House of Commons,London,SW1A 0AA
Andrew,Jones,Andrew Jones,"Jones, Andrew",Conservative,Harrogate and Knaresborough,andrew.jones.mp@parliament.uk,House of Commons,London,SW1A 0AA
Robert,Blackman,Bob Blackman,"Blackman, Bob",Conservative,Harrow East,bob.blackman.mp@parliament.uk,House of Commons,London,SW1A 0AA
Gareth,Thomas,Gareth Thomas,"Thomas, Gareth",Labour,Harrow West,gareth.thomas.mp@parliament.uk,House of Commons,London,SW1A 0AA
Jill,Mortimer,Jill Mortimer,"Mortimer, Jill",Conservative,Hartlepool,jill.mortimer.mp@parliament.uk,House of Commons,London,SW1A 0AA
Bernard,Jenkin,Sir Bernard Jenkin,"Jenkin, Sir Bernard",Conservative,Harwich and North Essex,bernard.jenkin.mp@parliament.uk,House of Commons,London,SW1A 0AA
Sally-Ann,Hart,Sally-Ann Hart,"Hart, Sally-Ann",Conservative,Hastings and Rye,sallyann.hart.mp@parliament.uk,House of Commons,London,SW1A 0AA
Alan,Mak,Alan Mak,"Mak, Alan",Conservative,Havant,alan.mak.mp@parliament.uk,House of Commons,London,SW1A 0AA
John,McDonnell,John McDonnell,"McDonnell, John",Labour,Hayes and Harlington,mcdonnellj@parliament.uk,House of Commons,London,SW1A 0AA
William,Wragg,Mr William Wragg,"Wragg, Mr William",Conservative,Hazel Grove,,House of Commons,London,SW1A 0AA
Michael,Penning,Sir Mike Penning,"Penning, Sir Mike",Conservative,Hemel Hempstead,mike.penning.mp@parliament.uk,House of Commons,London,SW1A 0AA
Jon,Trickett,Jon Trickett,"Trickett, Jon",Labour,Hemsworth,trickettj@parliament.uk,House of Commons,London,SW1A 0AA
Matthew,Offord,Dr Matthew Offord,"Offord, Dr Matthew",Conservative,Hendon,matthew.offord.mp@parliament.uk,House of Commons,London,SW1A 0AA
John,Howell,John Howell,"Howell, John",Conservative,Henley,howelljm@parliament.uk,House of Commons,London,SW1A 0AA
Alexander,Norman,Jesse Norman,"Norman, Jesse",Conservative,Hereford and South Herefordshire,jesse.norman.mp@parliament.uk,House of Commons,London,SW1A 0AA
Julie,Marson,Julie Marson,"Marson, Julie",Conservative,Hertford and Stortford,julie.marson.mp@parliament.uk,House of Commons,London,SW1A 0AA
Oliver,Dowden,Oliver Dowden,"Dowden, Oliver",Conservative,Hertsmere,oliver.dowden.mp@parliament.uk,House of Commons,London,SW1A 0AA
Guy,Opperman,Guy Opperman,"Opperman, Guy",Conservative,Hexham,guy.opperman@parliament.uk,House of Commons,London,SW1A 0AA
Christopher,Clarkson,Chris Clarkson,"Clarkson, Chris",Conservative,Heywood and Middleton,chris.clarkson.mp@parliament.uk,House of Commons,London,SW1A 0AA
Robert,Largan,Robert Largan,"Largan, Robert",Conservative,High Peak,,House of Commons,London,SW1A 0AA
Abimbola,Afolami,Bim Afolami,"Afolami, Bim",Conservative,Hitchin and Harpenden,bim.afolami.mp@parliament.uk,House of Commons,London,SW1A 0AA
Keir,Starmer,Keir Starmer,"Starmer, Keir",Labour,Holborn and St Pancras,keir.starmer.mp@parliament.uk,House of Commons,London,SW1A 0AA
Julia,Lopez,Julia Lopez,"Lopez, Julia",Conservative,Hornchurch and Upminster,julia.lopez.mp@parliament.uk,House of Commons,London,SW1A 0AA
Catherine,West,Catherine West,"West, Catherine",Labour,Hornsey and Wood Green,catherine.west.mp@parliament.uk,House of Commons,London,SW1A 0AA
Jeremy,Quin,Jeremy Quin,"Quin, Jeremy",Conservative,Horsham,jeremy.quin.mp@parliament.uk,House of Commons,London,SW1A 0AA
Bridget,Phillipson,Bridget Phillipson,"Phillipson, Bridget",Labour,Houghton and Sunderland South,bridget.phillipson.mp@parliament.uk,House of Commons,London,SW1A 0AA
Peter,Kyle,Peter Kyle,"Kyle, Peter",Labour,Hove,peter.kyle.mp@parliament.uk,House of Commons,London,SW1A 0AA
Barry,Sheerman,Mr Barry Sheerman,"Sheerman, Mr Barry",Labour,Huddersfield,sheermanb@parliament.uk,House of Commons,London,SW1A 0AA
Jonathan,Djanogly,Mr Jonathan Djanogly,"Djanogly, Mr Jonathan",Conservative,Huntingdon,jonathan.djanogly.mp@parliament.uk,House of Commons,London,SW1A 0AA
Sara,Britcliffe,Sara Britcliffe,"Britcliffe, Sara",Conservative,Hyndburn,sara.britcliffe.mp@parliament.uk,House of Commons,London,SW1A 0AA
Wesley,Streeting,Wes Streeting,"Streeting, Wes",Labour,Ilford North,wes.streeting.mp@parliament.uk,House of Commons,London,SW1A 0AA
Samuel,Tarry,Sam Tarry,"Tarry, Sam",Labour,Ilford South,sam.tarry.mp@parliament.uk,House of Commons,London,SW1A 0AA
Ronald,Cowan,Ronnie Cowan,"Cowan, Ronnie",Scottish National Party,Inverclyde,ronnie.cowan.mp@parliament.uk,House of Commons,London,SW1A 0AA
Andrew,Hendry,Drew Hendry,"Hendry, Drew",Scottish National Party,"Inverness, Nairn, Badenoch and Strathspey",drew.hendry.mp@parliament.uk,House of Commons,London,SW1A 0AA
Thomas,Hunt,Tom Hunt,"Hunt, Tom",Conservative,Ipswich,tom.hunt.mp@parliament.uk,House of Commons,London,SW1A 0AA
Robert,Seely,Bob Seely,"Seely, Bob",Conservative,Isle of Wight,bob.seely.mp@parliament.uk,House of Commons,London,SW1A 0AA
Jeremy,Corbyn,Jeremy Corbyn,"Corbyn, Jeremy",Independent,Islington North,jeremy.corbyn.mp@parliament.uk,House of Commons,London,SW1A 0AA
Emily,Thornberry,Emily Thornberry,"Thornberry, Emily",Labour,Islington South and Finsbury,thornberrye@parliament.uk,House of Commons,London,SW1A 0AA
Christopher,Evans,Chris Evans,"Evans, Chris",Labour,Islwyn,chris.evans.mp@parliament.uk,House of Commons,London,SW1A 0AA
Katharine,Brooks-Osborne,Kate Osborne,"Osborne, Kate",Labour,Jarrow,kate.osborne.mp@parliament.uk,House of Commons,London,SW1A 0AA
Robert,Moore,Robbie Moore,"Moore, Robbie",Conservative,Keighley,robbie.moore.mp@parliament.uk,House of Commons,London,SW1A 0AA
Jeremy,Wright,Sir Jeremy Wright,"Wright, Sir Jeremy",Conservative,Kenilworth and Southam,Jeremy.wright.mp@parliament.uk,House of Commons,London,SW1A 0AA
Felicity,Buchan,Felicity Buchan,"Buchan, Felicity",Conservative,Kensington,felicity.buchan.mp@parliament.uk,House of Commons,London,SW1A 0AA
Philip,Hollobone,Mr Philip Hollobone,"Hollobone, Mr Philip",Conservative,Kettering,philip.hollobone.mp@parliament.uk,House of Commons,London,SW1A 0AA
Alan,Brown,Alan Brown,"Brown, Alan",Scottish National Party,Kilmarnock and Loudoun,alan.brown.mp@parliament.uk,House of Commons,London,SW1A 0AA
Edward,Davey,Ed Davey,"Davey, Ed",Liberal Democrat,Kingston and Surbiton,edward.davey.mp@parliament.uk,House of Commons,London,SW1A 0AA
Karl,Turner,Karl Turner,"Turner, Karl",Labour,Kingston upon Hull East,karl.turner.mp@parliament.uk,House of Commons,London,SW1A 0AA
Diana,Johnson,Dame Diana Johnson,"Johnson, Dame Diana",Labour,Kingston upon Hull North,johnsond@parliament.uk,House of Commons,London,SW1A 0AA
Emma,Hardy,Emma Hardy,"Hardy, Emma",Labour,Kingston upon Hull West and Hessle,emma.hardy.mp@parliament.uk,House of Commons,London,SW1A 0AA
Christopher,Skidmore,Chris Skidmore,"Skidmore, Chris",Conservative,Kingswood,chris.skidmore.mp@parliament.uk,House of Commons,London,SW1A 0AA
James Neale,Hanvey,Neale Hanvey,"Hanvey, Neale",Alba Party,Kirkcaldy and Cowdenbeath,neale.hanvey.mp@parliament.uk,House of Commons,London,SW1A 0AA
George,Howarth,Sir George Howarth,"Howarth, Sir George",Labour,Knowsley,george.howarth.mp@parliament.uk,House of Commons,London,SW1A 0AA
Jeffrey,Donaldson,Sir Jeffrey M Donaldson,"Donaldson, Sir Jeffrey M",Democratic Unionist Party,Lagan Valley,jeffrey.donaldson.mp@parliament.uk,House of Commons,London,SW1A 0AA
Angela,Crawley,Angela Crawley,"Crawley, Angela",Scottish National Party,Lanark and Hamilton East,angela.crawley.mp@parliament.uk,House of Commons,London,SW1A 0AA
Catherine,Smith,Cat Smith,"Smith, Cat",Labour,Lancaster and Fleetwood,cat.smith.mp@parliament.uk,House of Commons,London,SW1A 0AA
Hilary,Benn,Hilary Benn,"Benn, Hilary",Labour,Leeds Central,bennh@parliament.uk,House of Commons,London,SW1A 0AA
Richard,Burgon,Richard Burgon,"Burgon, Richard",Labour,Leeds East,,House of Commons,London,SW1A 0AA
Fabian,Hamilton,Fabian Hamilton,"Hamilton, Fabian",Labour,Leeds North East,fabian.hamilton.mp@parliament.uk,House of Commons,London,SW1A 0AA
Alexander,Sobel,Alex Sobel,"Sobel, Alex",Labour,Leeds North West,alex.sobel.mp@parliament.uk,House of Commons,London,SW1A 0AA
Rachel,Reeves,Rachel Reeves,"Reeves, Rachel",Labour,Leeds West,rachel.reeves.mp@parliament.uk,House of Commons,London,SW1A 0AA
Claudia,Webbe,Claudia Webbe,"Webbe, Claudia",Independent,Leicester East,claudia.webbe.mp@parliament.uk,House of Commons,London,SW1A 0AA
Jonathan,Ashworth,Jonathan Ashworth,"Ashworth, Jonathan",Labour,Leicester South,jon.ashworth.mp@parliament.uk,House of Commons,London,SW1A 0AA
Elizabeth,Kendall,Liz Kendall,"Kendall, Liz",Labour,Leicester West,liz.kendall.mp@parliament.uk,House of Commons,London,SW1A 0AA
James,Grundy,James Grundy,"Grundy, James",Conservative,Leigh,james.grundy.mp@parliament.uk,House of Commons,London,SW1A 0AA
Maria,Caulfield,Maria Caulfield,"Caulfield, Maria",Conservative,Lewes,maria.caulfield.mp@parliament.uk,House of Commons,London,SW1A 0AA
Janet,Daby,Janet Daby,"Daby, Janet",Labour,Lewisham East,janet.daby.mp@parliament.uk,House of Commons,London,SW1A 0AA
Eleanor,Reeves,Ellie Reeves,"Reeves, Ellie",Labour,Lewisham West and Penge,ellie.reeves.mp@parliament.uk,House of Commons,London,SW1A 0AA
Victoria,Foxcroft,Vicky Foxcroft,"Foxcroft, Vicky",Labour,"Lewisham, Deptford",vicky.foxcroft.mp@parliament.uk,House of Commons,London,SW1A 0AA
John,Cryer,John Cryer,"Cryer, John",Labour,Leyton and Wanstead,john.cryer.mp@parliament.uk,House of Commons,London,SW1A 0AA
Michael,Fabricant,Michael Fabricant,"Fabricant, Michael",Conservative,Lichfield,,House of Commons,London,SW1A 0AA
Karl,McCartney,Karl McCartney,"McCartney, Karl",Conservative,Lincoln,karl.mccartney.mp@parliament.uk,House of Commons,London,SW1A 0AA
Martyn,Day,Martyn Day,"Day, Martyn",Scottish National Party,Linlithgow and East Falkirk,martyn.day.mp@parliament.uk,House of Commons,London,SW1A 0AA
Kim,Johnson,Kim Johnson,"Johnson, Kim",Labour,"Liverpool, Riverside",kim.johnson.mp@parliament.uk,House of Commons,London,SW1A 0AA
Daniel,Carden,Dan Carden,"Carden, Dan",Labour,"Liverpool, Walton",dan.carden.mp@parliament.uk,House of Commons,London,SW1A 0AA
Paula,Barker,Paula Barker,"Barker, Paula",Labour,"Liverpool, Wavertree",paula.barker.mp@parliament.uk,House of Commons,London,SW1A 0AA
Ian,Byrne,Ian Byrne,"Byrne, Ian",Labour,"Liverpool, West Derby",ian.byrne.mp@parliament.uk,House of Commons,London,SW1A 0AA
Hannah,Bardell,Hannah Bardell,"Bardell, Hannah",Scottish National Party,Livingston,hannah.bardell.mp@parliament.uk,House of Commons,London,SW1A 0AA
Nia,Griffith,Dame Nia Griffith,"Griffith, Dame Nia",Labour,Llanelli,nia.griffith.mp@parliament.uk,House of Commons,London,SW1A 0AA
Jane,Hunt,Jane Hunt,"Hunt, Jane",Conservative,Loughborough,jane.hunt.mp@parliament.uk,House of Commons,London,SW1A 0AA
Victoria,Atkins,Victoria Atkins,"Atkins, Victoria",Conservative,Louth and Horncastle,,House of Commons,London,SW1A 0AA
Philip,Dunne,Philip Dunne,"Dunne, Philip",Conservative,Ludlow,philip.dunne.mp@parliament.uk,House of Commons,London,SW1A 0AA
Sarah,Owen,Sarah Owen,"Owen, Sarah",Labour,Luton North,sarah.owen.mp@parliament.uk,House of Commons,London,SW1A 0AA
Rachel,Hopkins,Rachel Hopkins,"Hopkins, Rachel",Labour,Luton South,rachel.hopkins.mp@parliament.uk,House of Commons,London,SW1A 0AA
David,Rutley,David Rutley,"Rutley, David",Conservative,Macclesfield,david.rutley.mp@parliament.uk,House of Commons,London,SW1A 0AA
Theresa,May,Mrs Theresa May,"May, Mrs Theresa",Conservative,Maidenhead,mayt@parliament.uk,House of Commons,London,SW1A 0AA
Helen,Grant,Mrs Helen Grant,"Grant, Mrs Helen",Conservative,Maidstone and The Weald,helen.grant.mp@parliament.uk,House of Commons,London,SW1A 0AA
Yvonne,Fovargue,Yvonne Fovargue,"Fovargue, Yvonne",Labour,Makerfield,yvonne.fovargue.mp@parliament.uk,House of Commons,London,SW1A 0AA
John,Whittingdale,Sir John Whittingdale,"Whittingdale, Sir John",Conservative,Maldon,john.whittingdale.mp@parliament.uk,House of Commons,London,SW1A 0AA
Lucy,Powell,Lucy Powell,"Powell, Lucy",Labour,Manchester Central,,House of Commons,London,SW1A 0AA
Mohammed,Khan,Afzal Khan,"Khan, Afzal",Labour,"Manchester, Gorton",afzal.khan.mp@parliament.uk,House of Commons,London,SW1A 0AA
Jeffrey,Smith,Jeff Smith,"Smith, Jeff",Labour,"Manchester, Withington",jeff.smith.mp@parliament.uk,House of Commons,London,SW1A 0AA
Benjamin,Bradley,Ben Bradley,"Bradley, Ben",Conservative,Mansfield,ben.bradley.mp@parliament.uk,House of Commons,London,SW1A 0AA
Felicia,Drummond,Mrs Flick Drummond,"Drummond, Mrs Flick",Conservative,Meon Valley,flick.drummond.mp@parliament.uk,House of Commons,London,SW1A 0AA
Mohammad Saqib,Bhatti,Saqib Bhatti,"Bhatti, Saqib",Conservative,Meriden,saqib.bhatti@parliament.uk,House of Commons,London,SW1A 0AA
Gerald,Jones,Gerald Jones,"Jones, Gerald",Labour,Merthyr Tydfil and Rhymney,gerald.jones.mp@parliament.uk,House of Commons,London,SW1A 0AA
Nadine,Dorries,Ms Nadine Dorries,"Dorries, Ms Nadine",Conservative,Mid Bedfordshire,nadine.dorries.mp@parliament.uk,House of Commons,London,SW1A 0AA
Pauline,Latham,Mrs Pauline Latham,"Latham, Mrs Pauline",Conservative,Mid Derbyshire,pauline.latham.mp@parliament.uk,House of Commons,London,SW1A 0AA
Michael,Tomlinson-Mynors,Michael Tomlinson,"Tomlinson, Michael",Conservative,Mid Dorset and North Poole,michael.tomlinson.mp@parliament.uk,House of Commons,London,SW1A 0AA
George,Freeman,George Freeman,"Freeman, George",Conservative,Mid Norfolk,george.freeman.mp@parliament.uk,House of Commons,London,SW1A 0AA
Miriam,Davies,Mims Davies,"Davies, Mims",Conservative,Mid Sussex,mims.davies.mp@parliament.uk,House of Commons,London,SW1A 0AA
Francis,Molloy,Francie Molloy,"Molloy, Francie",Sinn Féin,Mid Ulster,francie.molloy.mp@parliament.uk,House of Commons,London,SW1A 0AA
Nigel,Huddleston,Nigel Huddleston,"Huddleston, Nigel",Conservative,Mid Worcestershire,nigel.huddleston.mp@parliament.uk,House of Commons,London,SW1A 0AA
Andrew,McDonald,Andy McDonald,"McDonald, Andy",Labour,Middlesbrough,andy.mcdonald.2nd@parliament.uk,House of Commons,London,SW1A 0AA
Simon,Clarke,Mr Simon Clarke,"Clarke, Mr Simon",Conservative,Middlesbrough South and East Cleveland,simon.clarke.mp@parliament.uk,House of Commons,London,SW1A 0AA
Owen,Thompson,Owen Thompson,"Thompson, Owen",Scottish National Party,Midlothian,owen.thompson.mp@parliament.uk,House of Commons,London,SW1A 0AA
Ben,Everitt,Ben Everitt,"Everitt, Ben",Conservative,Milton Keynes North,ben.everitt.mp@parliament.uk,House of Commons,London,SW1A 0AA
Iain,Stewart,Iain Stewart,"Stewart, Iain",Conservative,Milton Keynes South,iain.stewart.mp@parliament.uk,House of Commons,London,SW1A 0AA
Siobhain,McDonagh,Siobhain McDonagh,"McDonagh, Siobhain",Labour,Mitcham and Morden,mcdonaghs@parliament.uk,House of Commons,London,SW1A 0AA
Alexander,Beresford,Sir Paul Beresford,"Beresford, Sir Paul",Conservative,Mole Valley,annie.winsbury@parliament.uk,House of Commons,London,SW1A 0AA
David,Davies,David T C Davies,"Davies, David T C",Conservative,Monmouth,david.davies.mp@parliament.uk,House of Commons,London,SW1A 0AA
Alun Craig,Williams,Craig Williams,"Williams, Craig",Conservative,Montgomeryshire,craig.williams.mp@parliament.uk,House of Commons,London,SW1A 0AA
Douglas,Ross,Douglas Ross,"Ross, Douglas",Conservative,Moray,douglas.ross.mp@parliament.uk,House of Commons,London,SW1A 0AA
David,Morris,David Morris,"Morris, David",Conservative,Morecambe and Lunesdale,david.morris.mp@parliament.uk,House of Commons,London,SW1A 0AA
Andrea,Jenkyns,Andrea Jenkyns,"Jenkyns, Andrea",Conservative,Morley and Outwood,andrea.jenkyns.mp@parliament.uk,House of Commons,London,SW1A 0AA
Marion,Fellows,Marion Fellows,"Fellows, Marion",Scottish National Party,Motherwell and Wishaw,marion.fellows.mp@parliament.uk,House of Commons,London,SW1A 0AA
Angus,MacNeil,Angus Brendan MacNeil,"MacNeil, Angus Brendan",Scottish National Party,Na h-Eileanan an Iar,macneila@parliament.uk,House of Commons,London,SW1A 0AA
Christina,Rees,Christina Rees,"Rees, Christina",Independent,Neath,christina.rees.mp@parliament.uk,House of Commons,London,SW1A 0AA
Julian,Lewis,Dr Julian Lewis,"Lewis, Dr Julian",Conservative,New Forest East,,House of Commons,London,SW1A 0AA
Desmond,Swayne,Sir Desmond Swayne,"Swayne, Sir Desmond",Conservative,New Forest West,swayned@parliament.uk,House of Commons,London,SW1A 0AA
Robert,Jenrick,Robert Jenrick,"Jenrick, Robert",Conservative,Newark,robert.jenrick.mp@parliament.uk,House of Commons,London,SW1A 0AA
Laura,Farris,Laura Farris,"Farris, Laura",Conservative,Newbury,laura.farris.mp@parliament.uk,House of Commons,London,SW1A 0AA
Chinyelu,Onwurah,Chi Onwurah,"Onwurah, Chi",Labour,Newcastle upon Tyne Central,chi.onwurah.mp@parliament.uk,House of Commons,London,SW1A 0AA
Nicholas,Brown,Mr Nicholas Brown,"Brown, Mr Nicholas",Independent,Newcastle upon Tyne East,nickbrownmp@parliament.uk,House of Commons,London,SW1A 0AA
Catherine,McKinnell,Catherine McKinnell,"McKinnell, Catherine",Labour,Newcastle upon Tyne North,catherine.mckinnell.mp@parliament.uk,House of Commons,London,SW1A 0AA
Aaron,Bell,Aaron Bell,"Bell, Aaron",Conservative,Newcastle-under-Lyme,aaron.bell.mp@parliament.uk,House of Commons,London,SW1A 0AA
Jessica,Morden,Jessica Morden,"Morden, Jessica",Labour,Newport East,mordenj@parliament.uk,House of Commons,London,SW1A 0AA
Ruth,Jones,Ruth Jones,"Jones, Ruth",Labour,Newport West,ruth.jones.mp@parliament.uk,House of Commons,London,SW1A 0AA
Michael,Brady,Mickey Brady,"Brady, Mickey",Sinn Féin,Newry and Armagh,mickey.brady.mp@parliament.uk,House of Commons,London,SW1A 0AA
Anne Marie,Morris,Anne Marie Morris,"Morris, Anne Marie",Conservative,Newton Abbot,annemarie.morris.mp@parliament.uk,House of Commons,London,SW1A 0AA
Yvette,Cooper,Yvette Cooper,"Cooper, Yvette",Labour,"Normanton, Pontefract and Castleford",coopery@parliament.uk,House of Commons,London,SW1A 0AA
Ian,Paisley,Ian Paisley,"Paisley, Ian",Democratic Unionist Party,North Antrim,ian.paisley.mp@parliament.uk,House of Commons,London,SW1A 0AA
Patricia,Gibson,Patricia Gibson,"Gibson, Patricia",Scottish National Party,North Ayrshire and Arran,patricia.gibson.mp@parliament.uk,House of Commons,London,SW1A 0AA
Scott,Mann,Scott Mann,"Mann, Scott",Conservative,North Cornwall,scott.mann.mp@parliament.uk,House of Commons,London,SW1A 0AA
Selaine,Saxby,Selaine Saxby,"Saxby, Selaine",Conservative,North Devon,selaine.saxby.mp@parliament.uk,House of Commons,London,SW1A 0AA
Simon,Hoare,Simon Hoare,"Hoare, Simon",Conservative,North Dorset,simon.hoare.mp@parliament.uk,House of Commons,London,SW1A 0AA
Stephen,Farry,Stephen Farry,"Farry, Stephen",Alliance,North Down,stephen.farry.mp@parliament.uk,House of Commons,London,SW1A 0AA
Kevan,Jones,Mr Kevan Jones,"Jones, Mr Kevan",Labour,North Durham,kevanjonesmp@parliament.uk,House of Commons,London,SW1A 0AA
Richard,Fuller,Richard Fuller,"Fuller, Richard",Conservative,North East Bedfordshire,richard.fuller.mp@parliament.uk,House of Commons,London,SW1A 0AA
Stephen,Barclay,Steve Barclay,"Barclay, Steve",Conservative,North East Cambridgeshire,stephen.barclay.mp@parliament.uk,House of Commons,London,SW1A 0AA
Lee,Rowley,Lee Rowley,"Rowley, Lee",Conservative,North East Derbyshire,lee.rowley.mp@parliament.uk,House of Commons,London,SW1A 0AA
Wendy,Chamberlain,Wendy Chamberlain,"Chamberlain, Wendy",Liberal Democrat,North East Fife,wendy.chamberlain.mp@parliament.uk,House of Commons,London,SW1A 0AA
Ranil,Jayawardena,Mr Ranil Jayawardena,"Jayawardena, Mr Ranil",Conservative,North East Hampshire,,House of Commons,London,SW1A 0AA
Oliver,Heald,Sir Oliver Heald,"Heald, Sir Oliver",Conservative,North East Hertfordshire,Oliver.heald.mp@parliament.uk,House of Commons,London,SW1A 0AA
Jacob,Rees-Mogg,Mr Jacob Rees-Mogg,"Rees-Mogg, Mr Jacob",Conservative,North East Somerset,jacob.reesmogg.mp@parliament.uk,House of Commons,London,SW1A 0AA
William,Wiggin,Sir Bill Wiggin,"Wiggin, Sir Bill",Conservative,North Herefordshire,bill.wiggin.mp@parliament.uk,House of Commons,London,SW1A 0AA
Duncan,Baker,Duncan Baker,"Baker, Duncan",Conservative,North Norfolk,,House of Commons,London,SW1A 0AA
Helen,Morgan,Helen Morgan,"Morgan, Helen",Liberal Democrat,North Shropshire,helen.morgan.mp@parliament.uk,House of Commons,London,SW1A 0AA
Liam,Fox,Dr Liam Fox,"Fox, Dr Liam",Conservative,North Somerset,liam.fox.mp@parliament.uk ,House of Commons,London,SW1A 0AA
Justin,Tomlinson,Justin Tomlinson,"Tomlinson, Justin",Conservative,North Swindon,justin.tomlinson.mp@parliament.uk,House of Commons,London,SW1A 0AA
Roger,Gale,Sir Roger Gale,"Gale, Sir Roger",Conservative,North Thanet,galerj@parliament.uk,House of Commons,London,SW1A 0AA
Mary,Glindon,Mary Glindon,"Glindon, Mary",Labour,North Tyneside,mary.glindon.mp@parliament.uk,House of Commons,London,SW1A 0AA
Craig,Tracey,Craig Tracey,"Tracey, Craig",Conservative,North Warwickshire,craig.tracey.mp@parliament.uk,House of Commons,London,SW1A 0AA
Shailesh,Vara,Shailesh Vara,"Vara, Shailesh",Conservative,North West Cambridgeshire,shailesh.vara.mp@parliament.uk,House of Commons,London,SW1A 0AA
Richard,Holden,Mr Richard Holden,"Holden, Mr Richard",Conservative,North West Durham,richard.holden.mp@parliament.uk,House of Commons,London,SW1A 0AA
Christopher,Malthouse,Kit Malthouse,"Malthouse, Kit",Conservative,North West Hampshire,kit.malthouse.mp@parliament.uk,House of Commons,London,SW1A 0AA
Andrew,Bridgen,Andrew Bridgen,"Bridgen, Andrew",Conservative,North West Leicestershire,andrew.bridgen.mp@parliament.uk,House of Commons,London,SW1A 0AA
James,Wild,James Wild,"Wild, James",Conservative,North West Norfolk,james.wild.mp@parliament.uk,House of Commons,London,SW1A 0AA
James,Gray,James Gray,"Gray, James",Conservative,North Wiltshire,jamesgraymp@parliament.uk,House of Commons,London,SW1A 0AA
Michael,Ellis,Michael Ellis,"Ellis, Michael",Conservative,Northampton North,michael.ellis.mp@parliament.uk,House of Commons,London,SW1A 0AA
Andrew,Lewer,Andrew Lewer,"Lewer, Andrew",Conservative,Northampton South,andrew.lewer.mp@parliament.uk,House of Commons,London,SW1A 0AA
Chloe,Smith,Chloe Smith,"Smith, Chloe",Conservative,Norwich North,,House of Commons,London,SW1A 0AA
Clive,Lewis,Clive Lewis,"Lewis, Clive",Labour,Norwich South,clive.lewis.mp@parliament.uk,House of Commons,London,SW1A 0AA
Nadia,Whittome,Nadia Whittome,"Whittome, Nadia",Labour,Nottingham East,nadia.whittome.mp@parliament.uk,House of Commons,London,SW1A 0AA
Alexander,Norris,Alex Norris,"Norris, Alex",Labour,Nottingham North,alex.norris.mp@parliament.uk,House of Commons,London,SW1A 0AA
Lilian,Greenwood,Lilian Greenwood,"Greenwood, Lilian",Labour,Nottingham South,lilian.greenwood.mp@parliament.uk,House of Commons,London,SW1A 0AA
Marcus,Jones,Mr Marcus Jones,"Jones, Mr Marcus",Conservative,Nuneaton,marcus.jones.mp@parliament.uk,House of Commons,London,SW1A 0AA
John,Nicolson,John Nicolson,"Nicolson, John",Scottish National Party,Ochil and South Perthshire,john.nicolson.mp@parliament.uk,House of Commons,London,SW1A 0AA
Christopher,Elmore,Chris Elmore,"Elmore, Chris",Labour,Ogmore,Chris.Elmore.mp@parliament.uk,House of Commons,London,SW1A 0AA
Louie,French,Mr Louie French,"French, Mr Louie",Conservative,Old Bexley and Sidcup,louie.french.mp@parliament.uk,House of Commons,London,SW1A 0AA
Deborah,Abrahams,Debbie Abrahams,"Abrahams, Debbie",Labour,Oldham East and Saddleworth,abrahamsd@parliament.uk,House of Commons,London,SW1A 0AA
James,McMahon,Jim McMahon,"McMahon, Jim",Labour,Oldham West and Royton,jim.mcmahon.mp@parliament.uk ,House of Commons,London,SW1A 0AA
Alexander,Carmichael,Mr Alistair Carmichael,"Carmichael, Mr Alistair",Liberal Democrat,Orkney and Shetland,carmichaela@parliament.uk,House of Commons,London,SW1A 0AA
Gareth,Bacon,Gareth Bacon,"Bacon, Gareth",Conservative,Orpington,gareth.bacon.mp@parliament.uk,House of Commons,London,SW1A 0AA
Anneliese,Dodds,Anneliese Dodds,"Dodds, Anneliese",Labour,Oxford East,anneliese.dodds.mp@parliament.uk,House of Commons,London,SW1A 0AA
Layla,Moran,Layla Moran,"Moran, Layla",Liberal Democrat,Oxford West and Abingdon,layla.moran.mp@parliament.uk,House of Commons,London,SW1A 0AA
Gavin,Newlands,Gavin Newlands,"Newlands, Gavin",Scottish National Party,Paisley and Renfrewshire North,gavin.newlands.mp@parliament.uk,House of Commons,London,SW1A 0AA
Mhairi,Black,Mhairi Black,"Black, Mhairi",Scottish National Party,Paisley and Renfrewshire South,mhairi.black.mp@parliament.uk,House of Commons,London,SW1A 0AA
Andrew,Stephenson,Andrew Stephenson,"Stephenson, Andrew",Conservative,Pendle,andrew.stephenson.mp@parliament.uk,House of Commons,London,SW1A 0AA
Miriam,Cates,Miriam Cates,"Cates, Miriam",Conservative,Penistone and Stocksbridge,miriam.cates.mp@parliament.uk,House of Commons,London,SW1A 0AA
Neil,Hudson,Dr Neil Hudson,"Hudson, Dr Neil",Conservative,Penrith and The Border,neil.hudson.mp@parliament.uk,House of Commons,London,SW1A 0AA
Peter,Wishart,Pete Wishart,"Wishart, Pete",Scottish National Party,Perth and North Perthshire,pete.wishart.mp@parliament.uk,House of Commons,London,SW1A 0AA
Paul,Bristow,Paul Bristow,"Bristow, Paul",Conservative,Peterborough,paul.bristow.mp@parliament.uk,House of Commons,London,SW1A 0AA
John,Mercer,Johnny Mercer,"Mercer, Johnny",Conservative,"Plymouth, Moor View",johnny.mercer.mp@parliament.uk,House of Commons,London,SW1A 0AA
Luke,Pollard,Luke Pollard,"Pollard, Luke",Labour,"Plymouth, Sutton and Devonport",luke.pollard.mp@parliament.uk,House of Commons,London,SW1A 0AA
Alexandra,Davies-Jones,Alex Davies-Jones,"Davies-Jones, Alex",Labour,Pontypridd,alex.daviesjones.mp@parliament.uk,House of Commons,London,SW1A 0AA
Robert,Syms,Sir Robert Syms,"Syms, Sir Robert",Conservative,Poole,symsmp.office@parliament.uk,House of Commons,London,SW1A 0AA
Apsana,Begum,Apsana Begum,"Begum, Apsana",Labour,Poplar and Limehouse,apsana.begum.mp@parliament.uk,House of Commons,London,SW1A 0AA
Penelope,Mordaunt,Penny Mordaunt,"Mordaunt, Penny",Conservative,Portsmouth North,penny.mordaunt.mp@parliament.uk,House of Commons,London,SW1A 0AA
Stephen,Morgan,Stephen Morgan,"Morgan, Stephen",Labour,Portsmouth South,stephen.morgan.mp@parliament.uk,House of Commons,London,SW1A 0AA
Stephen,Crabb,Stephen Crabb,"Crabb, Stephen",Conservative,Preseli Pembrokeshire,stephen.crabb.mp@parliament.uk,House of Commons,London,SW1A 0AA
Mark,Hendrick,Sir Mark Hendrick,"Hendrick, Sir Mark",Labour,Preston,mark.hendrick.mp@parliament.uk,House of Commons,London,SW1A 0AA
Stuart,Andrew,Stuart Andrew,"Andrew, Stuart",Conservative,Pudsey,stuart.andrew.mp@parliament.uk,House of Commons,London,SW1A 0AA
Fleur,Anderson,Fleur Anderson,"Anderson, Fleur",Labour,Putney,fleur.anderson.mp@parliament.uk,House of Commons,London,SW1A 0AA
Mark,Francois,Mr Mark Francois,"Francois, Mr Mark",Conservative,Rayleigh and Wickford,mark.francois.mp@parliament.uk,House of Commons,London,SW1A 0AA
Mathew,Rodda,Matt Rodda,"Rodda, Matt",Labour,Reading East,matt.rodda.mp@parliament.uk,House of Commons,London,SW1A 0AA
Alok,Sharma,Alok Sharma,"Sharma, Alok",Conservative,Reading West,alok.sharma.mp@parliament.uk,House of Commons,London,SW1A 0AA
Jacob,Young,Jacob Young,"Young, Jacob",Conservative,Redcar,jacob.young.mp@parliament.uk,House of Commons,London,SW1A 0AA
Rachel,Maclean,Rachel Maclean,"Maclean, Rachel",Conservative,Redditch,rachel.maclean.mp@parliament.uk,House of Commons,London,SW1A 0AA
Crispin,Blunt,Crispin Blunt,"Blunt, Crispin",Conservative,Reigate,crispinbluntmp@parliament.uk,House of Commons,London,SW1A 0AA
Christopher,Bryant,Chris Bryant,"Bryant, Chris",Labour,Rhondda,chris.bryant.mp@parliament.uk,House of Commons,London,SW1A 0AA
Nigel,Evans,Mr Nigel Evans,"Evans, Mr Nigel",Conservative,Ribble Valley,evansn@parliament.uk,House of Commons,London,SW1A 0AA
Rishi,Sunak,Rishi Sunak,"Sunak, Rishi",Conservative,Richmond (Yorks),rishi.sunak.mp@parliament.uk,House of Commons,London,SW1A 0AA
Sarah,Olney,Sarah Olney,"Olney, Sarah",Liberal Democrat,Richmond Park,sarah.olney.mp@parliament.uk,House of Commons,London,SW1A 0AA
Anthony,Lloyd,Tony Lloyd,"Lloyd, Tony",Labour,Rochdale,tony.lloyd.mp@parliament.uk,House of Commons,London,SW1A 0AA
Kelly,Tolhurst,Kelly Tolhurst,"Tolhurst, Kelly",Conservative,Rochester and Strood,kelly.tolhurst.mp@parliament.uk,House of Commons,London,SW1A 0AA
James,Duddridge,Sir James Duddridge,"Duddridge, Sir James",Conservative,Rochford and Southend East,,House of Commons,London,SW1A 0AA
Andrew,Rosindell,Andrew Rosindell,"Rosindell, Andrew",Conservative,Romford,andrew.rosindell.mp@parliament.uk,House of Commons,London,SW1A 0AA
Caroline,Nokes,Caroline Nokes,"Nokes, Caroline",Conservative,Romsey and Southampton North,caroline.nokes.mp@parliament.uk,House of Commons,London,SW1A 0AA
Ian,Blackford,Ian Blackford,"Blackford, Ian",Scottish National Party,"Ross, Skye and Lochaber",ian.blackford.mp@parliament.uk,House of Commons,London,SW1A 0AA
James,Berry,Sir Jake Berry,"Berry, Sir Jake",Conservative,Rossendale and Darwen,jake.berry.mp@parliament.uk,House of Commons,London,SW1A 0AA
Alexander,Stafford,Alexander Stafford,"Stafford, Alexander",Conservative,Rother Valley,alexander.stafford.mp@parliament.uk,House of Commons,London,SW1A 0AA
Sarah,Champion,Sarah Champion,"Champion, Sarah",Labour,Rotherham,sarah.champion.mp@parliament.uk,House of Commons,London,SW1A 0AA
Mark,Pawsey,Mark Pawsey,"Pawsey, Mark",Conservative,Rugby,mark.pawsey.mp@parliament.uk,House of Commons,London,SW1A 0AA
David,Simmonds,David Simmonds,"Simmonds, David",Conservative,"Ruislip, Northwood and Pinner",david.simmonds.mp@parliament.uk,House of Commons,London,SW1A 0AA
Ben,Spencer,Dr Ben Spencer,"Spencer, Dr Ben",Conservative,Runnymede and Weybridge,ben.spencer.mp@parliament.uk,House of Commons,London,SW1A 0AA
Ruth,Edwards,Ruth Edwards,"Edwards, Ruth",Conservative,Rushcliffe,ruth.edwards.mp@parliament.uk,House of Commons,London,SW1A 0AA
Margaret,Ferrier,Margaret Ferrier,"Ferrier, Margaret",Independent,Rutherglen and Hamilton West,margaret.ferrier.mp@parliament.uk,House of Commons,London,SW1A 0AA
Alicia,Kearns,Alicia Kearns,"Kearns, Alicia",Conservative,Rutland and Melton,alicia.kearns.mp@parliament.uk,House of Commons,London,SW1A 0AA
Olukemi,Badenoch,Kemi Badenoch,"Badenoch, Kemi",Conservative,Saffron Walden,kemi.badenoch.mp@parliament.uk,House of Commons,London,SW1A 0AA
Rebecca,Long-Bailey,Rebecca Long Bailey,"Long Bailey, Rebecca",Labour,Salford and Eccles,rebecca.longbailey.mp@parliament.uk,House of Commons,London,SW1A 0AA
John,Glen,John Glen,"Glen, John",Conservative,Salisbury,john.glen.mp@parliament.uk,House of Commons,London,SW1A 0AA
Robert,Goodwill,Sir Robert Goodwill,"Goodwill, Sir Robert",Conservative,Scarborough and Whitby,robert.goodwill.mp@parliament.uk,House of Commons,London,SW1A 0AA
Holly,Mumby-Croft,Holly Mumby-Croft,"Mumby-Croft, Holly",Conservative,Scunthorpe,holly.mumbycroft.mp@parliament.uk,House of Commons,London,SW1A 0AA
Paul,Howell,Paul Howell,"Howell, Paul",Conservative,Sedgefield,paul.howell.mp@parliament.uk,House of Commons,London,SW1A 0AA
William,Esterson,Bill Esterson,"Esterson, Bill",Labour,Sefton Central,bill.esterson.mp@parliament.uk,House of Commons,London,SW1A 0AA
Nigel,Adams,Nigel Adams,"Adams, Nigel",Conservative,Selby and Ainsty,nigel.adams.mp@parliament.uk,House of Commons,London,SW1A 0AA
Laura,Trott,Laura Trott,"Trott, Laura",Conservative,Sevenoaks,laura.trott.mp@parliament.uk,House of Commons,London,SW1A 0AA
Paul,Blomfield,Paul Blomfield,"Blomfield, Paul",Labour,Sheffield Central,paul.blomfield.mp@parliament.uk,House of Commons,London,SW1A 0AA
Clive,Betts,Mr Clive Betts,"Betts, Mr Clive",Labour,Sheffield South East,officeofclivebettsmp@parliament.uk,House of Commons,London,SW1A 0AA
Gillian,Furniss,Gill Furniss,"Furniss, Gill",Labour,"Sheffield, Brightside and Hillsborough",gill.furniss.mp@parliament.uk,House of Commons,London,SW1A 0AA
Olivia,Blake Dagnall ,Olivia Blake,"Blake, Olivia",Labour,"Sheffield, Hallam",olivia.blake.mp@parliament.uk,House of Commons,London,SW1A 0AA
Louise,Haigh,Louise Haigh,"Haigh, Louise",Labour,"Sheffield, Heeley",louise.haigh.mp@parliament.uk,House of Commons,London,SW1A 0AA
Mark,Spencer,Mark Spencer,"Spencer, Mark",Conservative,Sherwood,mark.spencer.mp@parliament.uk,House of Commons,London,SW1A 0AA
Philip,Davies,Philip Davies,"Davies, Philip",Conservative,Shipley,daviesp@parliament.uk,House of Commons,London,SW1A 0AA
Daniel,Kawczynski,Daniel Kawczynski,"Kawczynski, Daniel",Conservative,Shrewsbury and Atcham,daniel.kawczynski.mp@parliament.uk,House of Commons,London,SW1A 0AA
Gordon,Henderson,Gordon Henderson,"Henderson, Gordon",Conservative,Sittingbourne and Sheppey,gordon.henderson.mp@parliament.uk,House of Commons,London,SW1A 0AA
Julian,Smith,Julian Smith,"Smith, Julian",Conservative,Skipton and Ripon,julian.smith.mp@parliament.uk,House of Commons,London,SW1A 0AA
Caroline,Johnson,Dr Caroline Johnson,"Johnson, Dr Caroline",Conservative,Sleaford and North Hykeham,caroline.johnson.mp@parliament.uk,House of Commons,London,SW1A 0AA
Tanmanjeet,Dhesi,Mr Tanmanjeet Singh Dhesi,"Dhesi, Mr Tanmanjeet Singh",Labour,Slough,tan.dhesi.mp@parliament.uk,House of Commons,London,SW1A 0AA
Julian,Knight,Julian Knight,"Knight, Julian",Conservative,Solihull,julian.knight.mp@parliament.uk,House of Commons,London,SW1A 0AA
David,Warburton,David Warburton,"Warburton, David",Independent,Somerton and Frome,david.warburton.mp@parliament.uk,House of Commons,London,SW1A 0AA
William,Girvan,Paul Girvan,"Girvan, Paul",Democratic Unionist Party,South Antrim,paul.girvan.mp@parliament.uk,House of Commons,London,SW1A 0AA
Stephen,Metcalfe,Stephen Metcalfe,"Metcalfe, Stephen",Conservative,South Basildon and East Thurrock,stephen.metcalfe.mp@parliament.uk,House of Commons,London,SW1A 0AA
Anthony,Browne,Anthony Browne,"Browne, Anthony",Conservative,South Cambridgeshire,anthony.browne.mp@parliament.uk,House of Commons,London,SW1A 0AA
Heather,Wheeler,Mrs Heather Wheeler,"Wheeler, Mrs Heather",Conservative,South Derbyshire,heather.wheeler.mp@parliament.uk,House of Commons,London,SW1A 0AA
Richard,Plunkett-Ernle-Erle-Drax,Richard Drax,"Drax, Richard",Conservative,South Dorset,richard.drax.mp@parliament.uk,House of Commons,London,SW1A 0AA
Christopher,Hazzard,Chris Hazzard,"Hazzard, Chris",Sinn Féin,South Down,chris.hazzard.mp@parliament.uk,House of Commons,London,SW1A 0AA
Lucy,Leigh (Frazer),Lucy Frazer,"Frazer, Lucy",Conservative,South East Cambridgeshire,lucy.frazer.mp@parliament.uk,House of Commons,London,SW1A 0AA
Sheryll,Murray,Mrs Sheryll Murray,"Murray, Mrs Sheryll",Conservative,South East Cornwall,sheryll.murray.mp@parliament.uk,House of Commons,London,SW1A 0AA
John,Hayes,Sir John Hayes,"Hayes, Sir John",Conservative,South Holland and The Deepings,hayesj@parliament.uk,House of Commons,London,SW1A 0AA
Alberto,Costa,Alberto Costa,"Costa, Alberto",Conservative,South Leicestershire,alberto.costa.mp@parliament.uk,House of Commons,London,SW1A 0AA
Richard,Bacon,Mr Richard Bacon,"Bacon, Mr Richard",Conservative,South Norfolk,richardbaconmp@parliament.uk,House of Commons,London,SW1A 0AA
Andrea,Leadsom,Andrea Leadsom,"Leadsom, Andrea",Conservative,South Northamptonshire,andrea.leadsom.mp@parliament.uk,House of Commons,London,SW1A 0AA
Katherine,Fletcher,Katherine Fletcher,"Fletcher, Katherine",Conservative,South Ribble,katherine.fletcher.mp@parliament.uk,House of Commons,London,SW1A 0AA
Emma,Lewell-Buck,Mrs Emma Lewell-Buck,"Lewell-Buck, Mrs Emma",Labour,South Shields,emma.lewell-buck.mp@parliament.uk,House of Commons,London,SW1A 0AA
Gavin,Williamson,Sir Gavin Williamson,"Williamson, Sir Gavin",Conservative,South Staffordshire,gavin.williamson.mp@parliament.uk,House of Commons,London,SW1A 0AA
James,Cartlidge,James Cartlidge,"Cartlidge, James",Conservative,South Suffolk,james.cartlidge.mp@parliament.uk,House of Commons,London,SW1A 0AA
Robert,Buckland,Sir Robert Buckland,"Buckland, Sir Robert",Conservative,South Swindon,robert.buckland.mp@parliament.uk,House of Commons,London,SW1A 0AA
Craig,Mackinlay,Craig Mackinlay,"Mackinlay, Craig",Conservative,South Thanet,craig.mackinlay.mp@parliament.uk,House of Commons,London,SW1A 0AA
Andrew,Selous,Andrew Selous,"Selous, Andrew",Conservative,South West Bedfordshire,andrew.selous.mp@parliament.uk,House of Commons,London,SW1A 0AA
Gary,Streeter,Sir Gary Streeter,"Streeter, Sir Gary",Conservative,South West Devon,deans@parliament.uk,House of Commons,London,SW1A 0AA
Gagan,Mohindra,Mr Gagan Mohindra,"Mohindra, Mr Gagan",Conservative,South West Hertfordshire,gagan.mohindra.mp@parliament.uk,House of Commons,London,SW1A 0AA
Elizabeth,Truss,Elizabeth Truss,"Truss, Elizabeth",Conservative,South West Norfolk,elizabeth.truss.mp@parliament.uk,House of Commons,London,SW1A 0AA
Jeremy,Hunt,Jeremy Hunt,"Hunt, Jeremy",Conservative,South West Surrey,huntj@parliament.uk,House of Commons,London,SW1A 0AA
Andrew,Murrison,Dr Andrew Murrison,"Murrison, Dr Andrew",Conservative,South West Wiltshire,murrisona@parliament.uk,House of Commons,London,SW1A 0AA
Royston,Smith,Royston Smith,"Smith, Royston",Conservative,"Southampton, Itchen",royston.smith.mp@parliament.uk,House of Commons,London,SW1A 0AA
Alan,Whitehead,Dr Alan Whitehead,"Whitehead, Dr Alan",Labour,"Southampton, Test",whiteheada@parliament.uk,House of Commons,London,SW1A 0AA
Anna,Firth,Anna Firth,"Firth, Anna",Conservative,Southend West,anna.firth.mp@parliament.uk,House of Commons,London,SW1A 0AA
Damien,Moore,Damien Moore,"Moore, Damien",Conservative,Southport,damien.moore.mp@parliament.uk,House of Commons,London,SW1A 0AA
Kwasi,Kwarteng,Kwasi Kwarteng,"Kwarteng, Kwasi",Conservative,Spelthorne,kwasi.kwarteng.mp@parliament.uk,House of Commons,London,SW1A 0AA
Daisy,Cooper,Daisy Cooper,"Cooper, Daisy",Liberal Democrat,St Albans,daisy.cooper.mp@parliament.uk,House of Commons,London,SW1A 0AA
Stephen,Double,Steve Double,"Double, Steve",Conservative,St Austell and Newquay,steve.double.mp@parliament.uk,House of Commons,London,SW1A 0AA
Conor,McGinn,Conor McGinn,"McGinn, Conor",Labour,St Helens North,conor.mcginn.mp@parliament.uk,House of Commons,London,SW1A 0AA
Marie,Rimmer,Ms Marie Rimmer,"Rimmer, Ms Marie",Labour,St Helens South and Whiston,marie.rimmer.mp@parliament.uk,House of Commons,London,SW1A 0AA
Derek,Thomas,Derek Thomas,"Thomas, Derek",Conservative,St Ives,derek.thomas.mp@parliament.uk,House of Commons,London,SW1A 0AA
Theodora,Clarke,Theo Clarke,"Clarke, Theo",Conservative,Stafford,theo.clarke.mp@parliament.uk,House of Commons,London,SW1A 0AA
Karen,Bradley,Karen Bradley,"Bradley, Karen",Conservative,Staffordshire Moorlands,karen.bradley.mp@parliament.uk,House of Commons,London,SW1A 0AA
Jonathan,Reynolds,Jonathan Reynolds,"Reynolds, Jonathan",Labour,Stalybridge and Hyde,jonathan.reynolds.mp@parliament.uk,House of Commons,London,SW1A 0AA
Stephen,McPartland,Stephen McPartland,"McPartland, Stephen",Conservative,Stevenage,,House of Commons,London,SW1A 0AA
Alyn,Smith,Alyn Smith,"Smith, Alyn",Scottish National Party,Stirling,alyn.smith.mp@parliament.uk,House of Commons,London,SW1A 0AA
Navendu,Mishra,Navendu Mishra,"Mishra, Navendu",Labour,Stockport,navendu.mishra.mp@parliament.uk,House of Commons,London,SW1A 0AA
Alexander,Cunningham,Alex Cunningham,"Cunningham, Alex",Labour,Stockton North,alex.cunningham.mp@parliament.uk,House of Commons,London,SW1A 0AA
Matthew,Vickers,Matt Vickers,"Vickers, Matt",Conservative,Stockton South,matt.vickers.mp@parliament.uk,House of Commons,London,SW1A 0AA
Joanna,Gideon,Jo Gideon,"Gideon, Jo",Conservative,Stoke-on-Trent Central,jo.gideon.mp@parliament.uk,House of Commons,London,SW1A 0AA
Jonathan,Gullis,Jonathan Gullis,"Gullis, Jonathan",Conservative,Stoke-on-Trent North,jonathan.gullis.mp@parliament.uk,House of Commons,London,SW1A 0AA
Jack,Brereton,Jack Brereton,"Brereton, Jack",Conservative,Stoke-on-Trent South,jack.brereton.mp@parliament.uk,House of Commons,London,SW1A 0AA
William,Cash,Sir William Cash,"Cash, Sir William",Conservative,Stone,cashw@parliament.uk,House of Commons,London,SW1A 0AA
Suzanne,Webb,Suzanne Webb,"Webb, Suzanne",Conservative,Stourbridge,suzanne.webb.mp@parliament.uk,House of Commons,London,SW1A 0AA
Richard,Shannon,Jim Shannon,"Shannon, Jim",Democratic Unionist Party,Strangford,jim.shannon.mp@parliament.uk,House of Commons,London,SW1A 0AA
Nadhim,Zahawi,Nadhim Zahawi,"Zahawi, Nadhim",Conservative,Stratford-on-Avon,nadhim.zahawi.mp@parliament.uk,House of Commons,London,SW1A 0AA
Bellavia,Ribeiro-Addy,Bell Ribeiro-Addy,"Ribeiro-Addy, Bell",Labour,Streatham,bell.ribeiroaddy.mp@parliament.uk,House of Commons,London,SW1A 0AA
Katherine,Green,Kate Green,"Green, Kate",Labour,Stretford and Urmston,kate.green.mp@parliament.uk,House of Commons,London,SW1A 0AA
Siobhan,Baillie,Siobhan Baillie,"Baillie, Siobhan",Conservative,Stroud,siobhan.baillie.mp@parliament.uk,House of Commons,London,SW1A 0AA
Thérèse,Coffey,Dr Thérèse Coffey,"Coffey, Dr Thérèse",Conservative,Suffolk Coastal,therese.coffey.mp@parliament.uk,House of Commons,London,SW1A 0AA
Julie ,Elliott,Julie Elliott,"Elliott, Julie",Labour,Sunderland Central,julie.elliott.mp@parliament.uk,House of Commons,London,SW1A 0AA
Michael,Gove,Michael Gove,"Gove, Michael",Conservative,Surrey Heath,michael.gove.mp@parliament.uk,House of Commons,London,SW1A 0AA
Paul,Scully,Paul Scully,"Scully, Paul",Conservative,Sutton and Cheam,paul.scully.mp@parliament.uk,House of Commons,London,SW1A 0AA
Andrew,Mitchell,Mr Andrew Mitchell,"Mitchell, Mr Andrew",Conservative,Sutton Coldfield,andrew.mitchell.mp@parliament.uk,House of Commons,London,SW1A 0AA
Carolyn,Harris,Carolyn Harris,"Harris, Carolyn",Labour,Swansea East,carolyn.harris.mp@parliament.uk,House of Commons,London,SW1A 0AA
Geraint,Davies,Geraint Davies,"Davies, Geraint",Labour,Swansea West,geraint.davies.mp@parliament.uk,House of Commons,London,SW1A 0AA
Christopher,Pincher,Christopher Pincher,"Pincher, Christopher",Independent,Tamworth,christopher.pincher.mp@parliament.uk,House of Commons,London,SW1A 0AA
Esther,McVey,Esther McVey,"McVey, Esther",Conservative,Tatton,esther.mcvey.mp@parliament.uk,House of Commons,London,SW1A 0AA
Rebecca,Clark (Pow),Rebecca Pow,"Pow, Rebecca",Conservative,Taunton Deane,rebecca.pow.mp@parliament.uk,House of Commons,London,SW1A 0AA
Lucy,Allan,Lucy Allan,"Allan, Lucy",Conservative,Telford,lucy.allan.mp@parliament.uk,House of Commons,London,SW1A 0AA
Laurence,Robertson,Mr Laurence Robertson,"Robertson, Mr Laurence",Conservative,Tewkesbury,robertsonl@parliament.uk,House of Commons,London,SW1A 0AA
Geoffrey,Clifton-Brown,Sir Geoffrey Clifton-Brown,"Clifton-Brown, Sir Geoffrey",Conservative,The Cotswolds,cliftonbrowng@parliament.uk,House of Commons,London,SW1A 0AA
Mark,Pritchard,Mark Pritchard,"Pritchard, Mark",Conservative,The Wrekin,pritchardm@parliament.uk,House of Commons,London,SW1A 0AA
Kevin,Hollinrake,Kevin Hollinrake,"Hollinrake, Kevin",Conservative,Thirsk and Malton,kevin.hollinrake.mp@parliament.uk,House of Commons,London,SW1A 0AA
Luke,Hall,Luke Hall,"Hall, Luke",Conservative,Thornbury and Yate,luke.hall.mp@parliament.uk,House of Commons,London,SW1A 0AA
Jacqueline,Doyle-Price,Jackie Doyle-Price,"Doyle-Price, Jackie",Conservative,Thurrock,jackie.doyleprice.mp@parliament.uk,House of Commons,London,SW1A 0AA
Richard,Foord,Richard Foord,"Foord, Richard",Liberal Democrat,Tiverton and Honiton,richard.foord.mp@parliament.uk,House of Commons,London,SW1A 0AA
Thomas,Tugendhat,Tom Tugendhat,"Tugendhat, Tom",Conservative,Tonbridge and Malling,tom.tugendhat.mp@parliament.uk,House of Commons,London,SW1A 0AA
Rosena,Allin-Khan,Dr Rosena Allin-Khan,"Allin-Khan, Dr Rosena",Labour,Tooting,rosena.allinkhan.mp@parliament.uk,House of Commons,London,SW1A 0AA
Kevin,Foster,Kevin Foster,"Foster, Kevin",Conservative,Torbay,kevin.foster.mp@parliament.uk,House of Commons,London,SW1A 0AA
Nicklaus,Thomas-Symonds,Nick Thomas-Symonds,"Thomas-Symonds, Nick",Labour,Torfaen,nick.thomassymonds.mp@parliament.uk,House of Commons,London,SW1A 0AA
Charles,Cox,Sir Geoffrey Cox,"Cox, Sir Geoffrey",Conservative,Torridge and West Devon,coxg@parliament.uk,House of Commons,London,SW1A 0AA
Anthony,Mangnall,Anthony Mangnall,"Mangnall, Anthony",Conservative,Totnes,anthony.mangnall.mp@parliament.uk,House of Commons,London,SW1A 0AA
David,Lammy,Mr David Lammy,"Lammy, Mr David",Labour,Tottenham,lammyd@parliament.uk,House of Commons,London,SW1A 0AA
Cherilyn,Mackrory,Cherilyn Mackrory,"Mackrory, Cherilyn",Conservative,Truro and Falmouth,cherilyn.mackrory.mp@parliament.uk,House of Commons,London,SW1A 0AA
Gregory,Clark,Greg Clark,"Clark, Greg",Conservative,Tunbridge Wells,gregclarkmp@parliament.uk,House of Commons,London,SW1A 0AA
Munira,Wilson,Munira Wilson,"Wilson, Munira",Liberal Democrat,Twickenham,munira.wilson.mp@parliament.uk,House of Commons,London,SW1A 0AA
Alan,Campbell,Sir Alan Campbell,"Campbell, Sir Alan",Labour,Tynemouth,alan.campbell.mp@parliament.uk,House of Commons,London,SW1A 0AA
Carla,Lockhart,Carla Lockhart,"Lockhart, Carla",Democratic Unionist Party,Upper Bann,carla.lockhart.mp@parliament.uk,House of Commons,London,SW1A 0AA
Alexander,Johnson,Boris Johnson,"Johnson, Boris",Conservative,Uxbridge and South Ruislip,boris.johnson.mp@parliament.uk,House of Commons,London,SW1A 0AA
James,Davies,Dr James Davies,"Davies, Dr James",Conservative,Vale of Clwyd,james.davies.mp@parliament.uk,House of Commons,London,SW1A 0AA
Alun,Cairns,Alun Cairns,"Cairns, Alun",Conservative,Vale of Glamorgan,alun.cairns.mp@parliament.uk,House of Commons,London,SW1A 0AA
Florence,Eshalomi,Florence Eshalomi,"Eshalomi, Florence",Labour,Vauxhall,florence.eshalomi.mp@parliament.uk,House of Commons,London,SW1A 0AA
Simon,Lightwood,Simon Lightwood,"Lightwood, Simon",Labour,Wakefield,simon.lightwood.mp@parliament.uk,House of Commons,London,SW1A 0AA
Angela,Eagle,Dame Angela Eagle,"Eagle, Dame Angela",Labour,Wallasey,eaglea@parliament.uk,House of Commons,London,SW1A 0AA
Edmund,Hughes,Eddie Hughes,"Hughes, Eddie",Conservative,Walsall North,eddie.hughes.mp@parliament.uk,House of Commons,London,SW1A 0AA
Valerie,Vaz,Valerie Vaz,"Vaz, Valerie",Labour,Walsall South,valerie.vaz.mp@parliament.uk,House of Commons,London,SW1A 0AA
Stella,Creasy,Stella Creasy,"Creasy, Stella",Labour,Walthamstow,stella.creasy.mp@parliament.uk,House of Commons,London,SW1A 0AA
Ian,Lavery,Ian Lavery,"Lavery, Ian",Labour,Wansbeck,ian.lavery.mp@parliament.uk,House of Commons,London,SW1A 0AA
David,Johnston,David Johnston,"Johnston, David",Conservative,Wantage,david.johnston.mp@parliament.uk,House of Commons,London,SW1A 0AA
John,Spellar,John Spellar,"Spellar, John",Labour,Warley,john.spellar.mp@parliament.uk,House of Commons,London,SW1A 0AA
Charlotte,Nichols,Charlotte Nichols,"Nichols, Charlotte",Labour,Warrington North,charlotte.nichols.mp@parliament.uk,House of Commons,London,SW1A 0AA
Andrew,Carter,Andy Carter,"Carter, Andy",Conservative,Warrington South,andy.carter.mp@parliament.uk,House of Commons,London,SW1A 0AA
Matthew,Western,Matt Western,"Western, Matt",Labour,Warwick and Leamington,matt.western.mp@parliament.uk,House of Commons,London,SW1A 0AA
Sharon,Hodgson,Mrs Sharon Hodgson,"Hodgson, Mrs Sharon",Labour,Washington and Sunderland West,sharon.hodgson.mp@parliament.uk,House of Commons,London,SW1A 0AA
Dean,Russell,Dean Russell,"Russell, Dean",Conservative,Watford,dean.russell.mp@parliament.uk,House of Commons,London,SW1A 0AA
Peter,Aldous,Peter Aldous,"Aldous, Peter",Conservative,Waveney,peter.aldous.mp@parliament.uk,House of Commons,London,SW1A 0AA
Nusrat,Ul-Ghani,Ms Nusrat Ghani,"Ghani, Ms Nusrat",Conservative,Wealden,nusrat.ghani.mp@parliament.uk,House of Commons,London,SW1A 0AA
Michael,Amesbury,Mike Amesbury,"Amesbury, Mike",Labour,Weaver Vale,mike.amesbury.mp@parliament.uk,House of Commons,London,SW1A 0AA
Peter,Bone,Mr Peter Bone,"Bone, Mr Peter",Conservative,Wellingborough,bonep@parliament.uk,House of Commons,London,SW1A 0AA
James,Heappey,James Heappey,"Heappey, James",Conservative,Wells,james.heappey.mp@parliament.uk,House of Commons,London,SW1A 0AA
Grant,Shapps,Grant Shapps,"Shapps, Grant",Conservative,Welwyn Hatfield,shappsg@parliament.uk,House of Commons,London,SW1A 0AA
John,Healey,John Healey,"Healey, John",Labour,Wentworth and Dearne,john.healey.mp@parliament.uk,House of Commons,London,SW1A 0AA
Andrew,Bowie,Andrew Bowie,"Bowie, Andrew",Conservative,West Aberdeenshire and Kincardine,andrew.bowie.mp@parliament.uk,House of Commons,London,SW1A 0AA
Nicola,Richards,Nicola Richards,"Richards, Nicola",Conservative,West Bromwich East,nicola.richards.mp@parliament.uk,House of Commons,London,SW1A 0AA
Shaun,Bailey,Shaun Bailey,"Bailey, Shaun",Conservative,West Bromwich West,shaun.bailey.mp@parliament.uk,House of Commons,London,SW1A 0AA
Christopher,Loder,Chris Loder,"Loder, Chris",Conservative,West Dorset,chris.loder.mp@parliament.uk,House of Commons,London,SW1A 0AA
Martin,Docherty-Hughes,Martin Docherty-Hughes,"Docherty-Hughes, Martin",Scottish National Party,West Dunbartonshire,martin.docherty.mp@parliament.uk,House of Commons,London,SW1A 0AA
Lyn,Brown,Ms Lyn Brown,"Brown, Ms Lyn",Labour,West Ham,brownl@parliament.uk,House of Commons,London,SW1A 0AA
Rosemary,Cooper,Rosie Cooper,"Cooper, Rosie",Labour,West Lancashire,,House of Commons,London,SW1A 0AA
Matthew,Hancock,Matt Hancock,"Hancock, Matt",Conservative,West Suffolk,matt.hancock.mp@parliament.uk,House of Commons,London,SW1A 0AA
Órfhlaith,Begley,Órfhlaith Begley,"Begley, Órfhlaith",Sinn Féin,West Tyrone,,House of Commons,London,SW1A 0AA
Harriett,Baldwin,Harriett Baldwin,"Baldwin, Harriett",Conservative,West Worcestershire,harriett.baldwin.mp@parliament.uk,House of Commons,London,SW1A 0AA
Karen,Buck,Ms Karen Buck,"Buck, Ms Karen",Labour,Westminster North,buckk@parliament.uk,House of Commons,London,SW1A 0AA
Timothy,Farron,Tim Farron,"Farron, Tim",Liberal Democrat,Westmorland and Lonsdale,farront@parliament.uk,House of Commons,London,SW1A 0AA
John,Penrose,John Penrose,"Penrose, John",Conservative,Weston-super-Mare,teresa.ridley@parliament.uk,House of Commons,London,SW1A 0AA
Lisa,Nandy,Lisa Nandy,"Nandy, Lisa",Labour,Wigan,lisa.nandy.mp@parliament.uk,House of Commons,London,SW1A 0AA
Stephen,Hammond,Stephen Hammond,"Hammond, Stephen",Conservative,Wimbledon,stephen.hammond.mp@parliament.uk,House of Commons,London,SW1A 0AA
Stephen,Brine,Steve Brine,"Brine, Steve",Conservative,Winchester,steve.brine.mp@parliament.uk,House of Commons,London,SW1A 0AA
Adam,Afriyie,Adam Afriyie,"Afriyie, Adam",Conservative,Windsor,adam.afriyie.mp@parliament.uk,House of Commons,London,SW1A 0AA
Alison,McGovern,Alison McGovern,"McGovern, Alison",Labour,Wirral South,alison.mcgovern.mp@parliament.uk,House of Commons,London,SW1A 0AA
Margaret,Greenwood,Margaret Greenwood,"Greenwood, Margaret",Labour,Wirral West,margaret.greenwood.mp@parliament.uk,House of Commons,London,SW1A 0AA
Priti,Patel,Priti Patel,"Patel, Priti",Conservative,Witham,withammp@parliament.uk,House of Commons,London,SW1A 0AA
Robert,Courts,Robert Courts,"Courts, Robert",Conservative,Witney,robert.courts.mp@parliament.uk,House of Commons,London,SW1A 0AA
Jonathan,Lord,Mr Jonathan Lord,"Lord, Mr Jonathan",Conservative,Woking,jonathan.lord.mp@parliament.uk,House of Commons,London,SW1A 0AA
John,Redwood,John Redwood,"Redwood, John",Conservative,Wokingham,john.redwood.mp@parliament.uk,House of Commons,London,SW1A 0AA
Jane,Stevenson,Jane Stevenson,"Stevenson, Jane",Conservative,Wolverhampton North East,jane.stevenson.mp@parliament.uk,House of Commons,London,SW1A 0AA
Patrick,McFadden,Pat McFadden,"McFadden, Pat",Labour,Wolverhampton South East,mcfaddenp@parliament.uk,House of Commons,London,SW1A 0AA
Stuart,Anderson,Stuart Anderson,"Anderson, Stuart",Conservative,Wolverhampton South West,stuart.anderson.mp@parliament.uk,House of Commons,London,SW1A 0AA
Robin,Walker,Mr Robin Walker,"Walker, Mr Robin",Conservative,Worcester,robin.walker.mp@parliament.uk,House of Commons,London,SW1A 0AA
Mark,Jenkinson,Mark Jenkinson,"Jenkinson, Mark",Conservative,Workington,mark.jenkinson.mp@parliament.uk,House of Commons,London,SW1A 0AA
Barbara,Keeley,Barbara Keeley,"Keeley, Barbara",Labour,Worsley and Eccles South,,House of Commons,London,SW1A 0AA
Peter,Bottomley,Sir Peter Bottomley,"Bottomley, Sir Peter",Conservative,Worthing West,bottomleyp@parliament.uk,House of Commons,London,SW1A 0AA
Sarah,Atherton,Sarah Atherton,"Atherton, Sarah",Conservative,Wrexham,sarah.atherton.mp@parliament.uk,House of Commons,London,SW1A 0AA
Steven,Baker,Mr Steve Baker,"Baker, Mr Steve",Conservative,Wycombe,steve.baker.mp@parliament.uk,House of Commons,London,SW1A 0AA
Robert,Wallace,Mr Ben Wallace,"Wallace, Mr Ben",Conservative,Wyre and Preston North,wallaceb@parliament.uk,House of Commons,London,SW1A 0AA
Mark,Garnier,Mark Garnier,"Garnier, Mark",Conservative,Wyre Forest,mark.garnier.mp@parliament.uk,House of Commons,London,SW1A 0AA
Michael,Kane,Mike Kane,"Kane, Mike",Labour,Wythenshawe and Sale East,mike.kane.mp@parliament.uk,House of Commons,London,SW1A 0AA
Marcus,Fysh,Mr Marcus Fysh,"Fysh, Mr Marcus",Conservative,Yeovil,marcus.fysh.mp@parliament.uk,House of Commons,London,SW1A 0AA
Virginia,Crosbie,Virginia Crosbie,"Crosbie, Virginia",Conservative,Ynys Môn,virginia.crosbie.mp@parliament.uk,House of Commons,London,SW1A 0AA
Rachael,Maskell,Rachael Maskell,"Maskell, Rachael",Labour,York Central,rachael.maskell.mp@parliament.uk,House of Commons,London,SW1A 0AA
Julian,Sturdy,Julian Sturdy,"Sturdy, Julian",Conservative,York Outer,julian.sturdy.mp@parliament.uk,House of Commons,London,SW1A 0AA
